branch	path	git_blob_sha	contract_owner	tier	trigger_types	literal_branch_lines	job_ids	named_steps	download_artifact_names	upload_artifact_names	literal_pinned_run_ids	cache_action_count	cache_key_samples	yaml_lines	source_audit	disposition	latest_real_run_evidence
agent/linux-expanded-kbuild-v0	.github/workflows/core-first500-regression.yml	02627bc5f2a3dc50dbca227cde4c8157bef3f043	compiler-linux-corpus	T2	push;workflow_dispatch	agent/linux-expanded-kbuild-v0;agent/linux-perf-boolean-domain-v1	strict500;focused-five	Restore frozen Linux corpus;Restore pinned Linux source archive;Restore RISC-V package archives;Restore native Kbuild package archives;Install Linux corpus rebuild dependencies;Assert productized Core-only source;Build exact Core-only source;Rebuild frozen first500 corpus on cache miss;Require frozen corpus;Save rebuilt frozen first500 corpus;Save pinned Linux source archive;Qualify scalar double focused;Qualify local complete object diagnostics;Replay frozen strict500 from exact production source;Run broad check-fast after strict500 census;Record broad check-fast outcome;Keep broad check-fast observational after strict500;Persist M175 strict500 evidence;Restore frozen first500 corpus;Restore frozen new500 corpus;Build exact compiler;Replay five cross-shard regressions;Print exact failing source context		m175-core-only-strict500-${{ steps.source_state.outputs.source_head }}		8	linux-focus-corpus-v1-6.6.143-rv64-defconfig-gcc13.3.0-${{ hashFiles('tests/external/linux/replay-indices.txt') }};linux-source-6.6.143-dace1f8dc9c0dbf5df14f47e3229cd62c298e83049681731ef229f2ba7592932;rv64-apt-${{ runner.os }}-${{ runner.arch }}-noble-${{ hashFiles('tools/ci/ubuntu-24.04-packages.txt') }};kbuild-apt-${{ runner.os }}-${{ runner.arch }}-noble-flex-bison-bc-libelf-dev-libssl-dev-v1;linux-focus-corpus-v1-6.6.143-rv64-defconfig-gcc13.3.0-${{ hashFiles('tests/external/linux/replay-indices.txt') }};linux-source-6.6.143-dace1f8dc9c0dbf5df14f47e3229cd62c298e83049681731ef229f2ba7592932	413	full-yaml-read	retain-contract-review	not-per-workflow-verified
agent/linux-expanded-kbuild-v0	.github/workflows/linux-check-cpu-stall-runtime-v0.yml	7fce9bc454cec54411fb852137fa627863ef8022	linux-runtime	T4	push;workflow_dispatch		runtime	Restore linked Linux cache;Install focused prerequisites;Build current patched MiniC;Rebuild runtime failure pool plus RCU stall owner;Relink and run QEMU;Preserve runtime evidence		linux-check-cpu-stall-runtime-v0		1	linux-expanded-mixed-v1-6.6.143-Linux-d30569a4c675f6ac72d9f63c28f0b8745317f7a15c0799d10768f916d74b3a88	234	full-yaml-read	retain-contract-review	not-per-workflow-verified
agent/linux-expanded-kbuild-v0	.github/workflows/linux-core-all3352.yml	c484a871807795b15c2f43de8acdaf1071fcba57	compiler-linux-corpus	T2	push;workflow_dispatch	agent/linux-expanded-kbuild-v0;agent/linux-perf-boolean-domain-v1	first500;shards;all3352;asm-first500;asm-shards;asm-all3352	Restore frozen first500 corpus;Validate frozen first500 corpus;Build exact compiler;Replay first500 exactly;Restore frozen shard corpus;Validate frozen shard corpus;Build exact compiler;Replay shard exactly;Require every frozen shard exact;Restore frozen first500 corpus;Install RV64 assembler;Build exact compiler;Compile and assemble full first500;Restore frozen shard corpus;Install RV64 assembler;Build exact compiler;Compile and assemble full shard;Require every object shard				4	linux-focus-corpus-v1-6.6.143-rv64-defconfig-gcc13.3.0-${{ hashFiles('tests/external/linux/replay-indices.txt') }};${{ matrix.cache_key }};linux-focus-corpus-v1-6.6.143-rv64-defconfig-gcc13.3.0-${{ hashFiles('tests/external/linux/replay-indices.txt') }};${{ matrix.cache_key }}	315	full-yaml-read	retain-contract-review	not-per-workflow-verified
agent/linux-expanded-kbuild-v0	.github/workflows/linux-core-shards-v1.yml	cd18cb3b43541ef7d825045743b2e0e752e62763	compiler-linux-corpus	T2	push;workflow_dispatch		shard;crash1573;certified	Restore frozen shard corpus;Validate cached shard corpus;Fetch exact Linux 6.6.143 stable source on cache miss;Install corpus materialization dependencies on cache miss;Materialize frozen shard on cache miss;Validate materialized GCC syntax where historically certified;Save frozen shard corpus on cache miss;Build exact compiler;Replay historical focused blocker pool;Replay full frozen shard;Preserve shard evidence;Restore certified 1500-1999 corpus;Build sanitizer compiler;Materialize crash TU 1573;Replay crash TU under ASan UBSan;Preserve crash evidence;Record canonical shard certification		linux-core-shards-v1-${{ matrix.id }}-${{ github.sha }};linux-core-shards-v1-crash1573-${{ github.sha }}		3	${{ matrix.cache_key }};${{ matrix.cache_key }};linux-next500b-corpus-v1-6.6.143-rv64-defconfig-gcc13.3.0-indices-1500-1999	457	full-yaml-read	retain-contract-review	not-per-workflow-verified
agent/linux-expanded-kbuild-v0	.github/workflows/linux-distributed-full-image-signedness-v2.yml	a6062c56d3528d38ceee6777d4c9186231ee1704	linux-image	T3/T4	push;workflow_dispatch		graph;shards;receiver	Validate experiment shell and Core patch syntax before setup;Install Linux Kbuild manifest prerequisites;Prepare exact expanded Image config;Discover Kbuild default-build C object candidates;Prove GNU constant-p ICE on a previously failing real Nouveau target;Preserve reproducible full Image plan and exact config;Install exact RISC-V compiler prerequisites;Prepare identical Linux tree and corrected Runtime MiniC;Compile real Kbuild C object shard;Export strict object and hidden Kbuild metadata;Preserve shard failures separately;Install the exact producer dependencies before configuring Linux;Prepare independent Linux and corrected Runtime 39+ICE+Nested MiniC;Restore all seven real object shards;Restore original 3352 objects after generated-dependency warmup; prove strict Image reuse;Install QEMU and static-init dependencies only after Image is finished;Boot generated Image with independently compiled initramfs;Preserve warmup, strict replay, link and QEMU evidence	distributed-full-image-plan-v1;distributed-full-image-plan-v1	distributed-full-image-plan-v1;distributed-full-image-shard-${{ matrix.shard }};distributed-full-image-debug-${{ matrix.shard }};distributed-full-image-strict-receiver-evidence		0		223	full-yaml-read	needs-current-head-real-run	not-per-workflow-verified
agent/linux-expanded-kbuild-v0	.github/workflows/linux-distributed-image-graph-preflight-v1.yml	265f00ebce58eb23a4f94f497e02a30c655e9ce0	linux-image	T3/T4	push;workflow_dispatch		graph	Install Linux Kbuild manifest prerequisites;Prepare exact expanded Image config;Discover Kbuild default-build C object candidates;Preserve reproducible full Image plan and exact config		linux-distributed-image-graph-v1		0		77	full-yaml-read	retain-contract-review	not-per-workflow-verified
agent/linux-expanded-kbuild-v0	.github/workflows/linux-efistub-diff-v0.yml	ee010b82654c79ad1d9d8da0fb8fa3848ad75fd5	linux-runtime	T4	push;workflow_dispatch		efistub-diff	Install RV64 Linux prerequisites;Build current Mini toolchain;Prepare pinned Linux 6.6.143 with EFI stub;Build GCC EFI stub reference sample;Build MiniC EFI stub sample;Compare EFI stub undefined symbols;Preserve EFI stub evidence		linux-efistub-diff-v0		0		163	full-yaml-read	retain-contract-review	not-per-workflow-verified
agent/linux-expanded-kbuild-v0	.github/workflows/linux-expanded-entry-trace-v0.yml	7b40efe922e288bb6dadab208f851849867d03b0	linux-runtime	T4	push;workflow_dispatch		trace	Compute stable current-profile cache identity;Restore exact certified Expanded Linux Image;Install trace prerequisites;Trace first translated kernel blocks;Preserve entry trace		linux-expanded-entry-trace-v0		1	linux-expanded-image-v3-6.6.143-${{ runner.os }}-${{ steps.profile-cache.outputs.digest }}-${{ hashFiles('tools/ci/linux-expanded-owner-targets-v1.txt', 'tools/ci/linux-expanded-owner-refresh-v1.sh') }}	178	full-yaml-read	retain-contract-review	not-per-workflow-verified
agent/linux-expanded-kbuild-v0	.github/workflows/linux-expanded-kbuild-v0.yml	35500d29ab940d0033832d50b17e33e0d9c2f9db	linux-image	T3/T4	push;workflow_dispatch		image-frontier	Compute stable current-profile cache identity;Restore current-profile owner checkpoint;Install RV64 Linux prerequisites;Build exact centralized Linux runtime MiniC profile;Prepare pinned Linux 6.6.143;Refresh only cached objects with bad explicit sections;Initialize current-profile owner checkpoint state;Preflight shared inline-asm blocker pair;Compile current-profile owner cohort 1;Save owner cohort 1 checkpoint;Compile current-profile owner cohort 2;Save owner cohort 2 checkpoint;Compile current-profile owner cohort 3 regular targets;Save owner cohort 3 regular checkpoint;Compile isolated net core filter owner;Save owner cohort 3 checkpoint;Compile current-profile owner cohort 4;Save owner cohort 4 checkpoint;Build Linux Image through MiniC until next frontier;Save certified successful Linux Image cache;Preserve expanded frontier evidence		linux-expanded-kbuild-v0		7	linux-expanded-owner-v1-6.6.143-${{ runner.os }}-${{ steps.profile-cache.outputs.digest }}-${{ hashFiles('tools/ci/linux-expanded-owner-targets-v1.txt', 'tools/ci/linux-expanded-owner-refresh-v1.sh') }}-c4;linux-expanded-owner-v1-6.6.143-${{ runner.os }}-${{ steps.profile-cache.outputs.digest }}-${{ hashFiles('tools/ci/linux-expanded-owner-targets-v1.txt', 'tools/ci/linux-expanded-owner-refresh-v1.sh') }}-c1;linux-expanded-owner-v1-6.6.143-${{ runner.os }}-${{ steps.profile-cache.outputs.digest }}-${{ hashFiles('tools/ci/linux-expanded-owner-targets-v1.txt', 'tools/ci/linux-expanded-owner-refresh-v1.sh') }}-c2;linux-expanded-owner-v1-6.6.143-${{ runner.os }}-${{ steps.profile-cache.outputs.digest }}-${{ hashFiles('tools/ci/linux-expanded-owner-targets-v1.txt', 'tools/ci/linux-expanded-owner-refresh-v1.sh') }}-c3a;linux-expanded-owner-v1-6.6.143-${{ runner.os }}-${{ steps.profile-cache.outputs.digest }}-${{ hashFiles('tools/ci/linux-expanded-owner-targets-v1.txt', 'tools/ci/linux-expanded-owner-refresh-v1.sh') }}-c3;linux-expanded-owner-v1-6.6.143-${{ runner.os }}-${{ steps.profile-cache.outputs.digest }}-${{ hashFiles('tools/ci/linux-expanded-owner-targets-v1.txt', 'tools/ci/linux-expanded-owner-refresh-v1.sh') }}-c4	370	full-yaml-read	retain-contract-review	not-per-workflow-verified
agent/linux-expanded-kbuild-v0	.github/workflows/linux-expanded-pi-runtime-v0.yml	40b22c2ff0bda380df99ebbab99cea55f424aaa8	linux-runtime	T4	push;workflow_dispatch		pi-runtime	Restore successful Expanded Linux out cache;Install focused runtime prerequisites;Apply current MiniC Linux semantic stack and build compiler;Prepare pinned Linux source around restored out tree;Force-rebuild MMU init and six RISC-V PI startup objects through fixed MiniC;Relink focused early-refreshed Linux Image;Trace early-refreshed boot exception frontier;Build Python-era P1 initramfs;Run explicit-initrd Python-era P1 contract;Preserve focused PI runtime evidence		linux-expanded-pi-runtime-v0		1	linux-expanded-mixed-v1-6.6.143-${{ runner.os }}-${{ hashFiles('src/**', 'include/**', 'tools/ci/apply-*.py', 'tests/external/linux/stage2_kbuild_cc.sh') }}	226	full-yaml-read	retain-contract-review	not-per-workflow-verified
agent/linux-expanded-kbuild-v0	.github/workflows/linux-expanded-runtime-p1-v0.yml	93677aa0c74dc00cfba0544535fca5b841dd2b51	linux-runtime	T4	push;workflow_dispatch		p1	Compute stable current-profile cache identity;Restore latest successful Expanded Linux out cache;Verify restored MiniC Image;Install P1 runtime prerequisites;Diagnose restored vmlinux physical layout;Rank code and rodata inflation by symbol and object;Build deterministic P1 initramfs;Boot exact Expanded Image and run P1 syscall contract;Preserve P1 runtime evidence		linux-expanded-runtime-p1-v0		1	linux-expanded-image-v3-6.6.143-${{ runner.os }}-${{ steps.profile-cache.outputs.digest }}-${{ hashFiles('tools/ci/linux-expanded-owner-targets-v1.txt', 'tools/ci/linux-expanded-owner-refresh-v1.sh') }}	215	full-yaml-read	retain-contract-review	not-per-workflow-verified
agent/linux-expanded-kbuild-v0	.github/workflows/linux-fork-stack-runtime-v0.yml	db96f28725b15954d39dad975598b99a0497a0ec	linux-runtime	T4	push;workflow_dispatch		runtime	Restore known linked Linux cache;Install focused prerequisites;Build selected MiniC mode;Replace only selected cache object group;Relink from mixed cache and run first-fault oracle;Preserve runtime evidence		linux-fork-stack-runtime-v0-${{ matrix.case }}		1	linux-expanded-mixed-v1-6.6.143-Linux-d30569a4c675f6ac72d9f63c28f0b8745317f7a15c0799d10768f916d74b3a88	237	full-yaml-read	retain-contract-review	not-per-workflow-verified
agent/linux-expanded-kbuild-v0	.github/workflows/linux-image-qemu-runtime-v0.yml	d537267fc422bb4c14f143e2311e39a1fb9d46c5	linux-runtime	T4	push;workflow_dispatch		qemu-runtime	Compute stable current-profile cache identity;Restore latest Linux Image cache;Install RV64 QEMU runtime prerequisites;Verify cached Linux Image exists;Build minimal RV64 initramfs;Boot MiniC-built Linux Image in QEMU;Preserve QEMU runtime evidence		linux-image-qemu-runtime-v0		1	linux-expanded-image-v3-6.6.143-${{ runner.os }}-${{ steps.profile-cache.outputs.digest }}-${{ hashFiles('tools/ci/linux-expanded-owner-targets-v1.txt', 'tools/ci/linux-expanded-owner-refresh-v1.sh') }}	145	full-yaml-read	retain-contract-review	not-per-workflow-verified
agent/linux-expanded-kbuild-v0	.github/workflows/linux-runtime-compiler-semantics-v1.yml	8601132b3f798dbfb0d57d3c3bb8eb802ea99c1b	linux-runtime	T4	push;workflow_dispatch		pi-local-symbol;satp-micro	Restore certified compact linked fixture;Restore certified frozen frontier inputs;Install focused prerequisites without update;Build MiniC profile with PI-local-symbol fix;Prove local symbols use lla and extern symbols keep la;Replay only current frontier owners from frozen inputs;Build exact early image with certified compact linker;Execute until runtime oracle decides;Preserve focused evidence;Build exact Linux runtime MiniC profile;Check stack-free SATP transition;Preserve failing assembly		linux-runtime-pi-local-symbol-v0-${{ github.sha }};linux-pi-satp-micro-v0		2	linux-runtime-link-v1-6.6.143-e538a6ad42ec49c5a667cab5de9bb943f82ca702ff2b7749a020e38ff7ddaea7;linux-runtime-frozen-v1-6.6.143-e538a6ad42ec49c5a667cab5de9bb943f82ca702ff2b7749a020e38ff7ddaea7	223	full-yaml-read	retain-contract-review	not-per-workflow-verified
agent/linux-expanded-kbuild-v0	.github/workflows/linux-runtime-fault-context-v1.yml	4ce700578911665cf0d5fd0085d511da7d7e3d27	linux-runtime	T4	push;workflow_dispatch		fault-context	Restore certified compact linked fixture;Restore certified frozen frontier inputs;Install focused prerequisites without update;Build current MiniC profile and replay current owners;Build exact current early image;Capture first fault and dynamic caller context;Preserve focused evidence		linux-runtime-fault-context-v1-${{ github.sha }}		2	linux-runtime-link-v1-6.6.143-e538a6ad42ec49c5a667cab5de9bb943f82ca702ff2b7749a020e38ff7ddaea7;linux-runtime-frozen-v1-6.6.143-e538a6ad42ec49c5a667cab5de9bb943f82ca702ff2b7749a020e38ff7ddaea7	131	full-yaml-read	retain-contract-review	not-per-workflow-verified
agent/linux-expanded-kbuild-v0	.github/workflows/linux-runtime-fdt-isolation-v1.yml	83feffda9150072a849f677c58856f77975968cc	linux-runtime	T4	push;workflow_dispatch		fdt-isolation;fdt-ro-codegen	Restore certified fixtures;Install prerequisites;Build exact MiniC runtime profile;Refresh current MiniC runtime owners;Swap linked fdt_ro owner to GCC;Relink with generated kallsyms;Trace early boot breadcrumbs and first die;Preserve FDT isolation evidence;Restore certified full linked fixture;Restore pinned Linux source;Install RISC-V toolchain;Build exact Linux runtime MiniC profile;Build MiniC and GCC fdt_ro objects with identical Kbuild context;Preserve FDT codegen evidence		linux-runtime-fdt-isolation-v1-${{ github.sha }};linux-runtime-fdt-ro-codegen-v0-${{ github.sha }}		3	linux-expanded-mixed-v1-6.6.143-Linux-d30569a4c675f6ac72d9f63c28f0b8745317f7a15c0799d10768f916d74b3a88;linux-source-6.6.143-dace1f8dc9c0dbf5df14f47e3229cd62c298e83049681731ef229f2ba7592932-v1;linux-runtime-frozen-v1-6.6.143-e538a6ad42ec49c5a667cab5de9bb943f82ca702ff2b7749a020e38ff7ddaea7;linux-expanded-mixed-v1-6.6.143-Linux-d30569a4c675f6ac72d9f63c28f0b8745317f7a15c0799d10768f916d74b3a88;linux-source-6.6.143-dace1f8dc9c0dbf5df14f47e3229cd62c298e83049681731ef229f2ba7592932-v1	489	full-yaml-read	retain-contract-review	not-per-workflow-verified
agent/linux-expanded-kbuild-v0	.github/workflows/linux-runtime-frontier-fast-v5.yml	457a53c1cdb01b022a1566c7fe9f0d4b4e438d7b	linux-runtime	T4	push;workflow_dispatch		frontier-fast-v5	Restore certified compact linked fixture;Restore certified frozen frontier inputs;Prove oracle and fixture contracts;Install minimal cross and runtime prerequisites;Build current centralized MiniC runtime profile;Replay current frontier owners from frozen inputs;Build certified early runtime Image V2;Execute with certified event-driven frontier watcher;Preserve compact frontier evidence		linux-runtime-frontier-fast-v5-${{ github.sha }}		2	linux-runtime-link-v1-6.6.143-e538a6ad42ec49c5a667cab5de9bb943f82ca702ff2b7749a020e38ff7ddaea7;linux-runtime-frozen-v1-6.6.143-e538a6ad42ec49c5a667cab5de9bb943f82ca702ff2b7749a020e38ff7ddaea7	195	full-yaml-read	retain-contract-review	not-per-workflow-verified
agent/linux-expanded-kbuild-v0	.github/workflows/linux-runtime-frontier-v1.yml	ba568cb98cd92feabf75d45489d74ba003d83baa	linux-runtime	T4	push;workflow_dispatch		candidate	Restore certified linked Linux fixture;Restore pinned Linux source tree;Prove frontier classifier invariants;Install focused prerequisites;Build current reuse candidate;Refresh current frontier owners and freeze inputs;Save pinned Linux source tree;Relink, execute and classify frontier;Preserve frontier evidence		linux-runtime-frontier-v1-${{ github.sha }}		3	linux-expanded-mixed-v1-6.6.143-Linux-d30569a4c675f6ac72d9f63c28f0b8745317f7a15c0799d10768f916d74b3a88;linux-source-6.6.143-dace1f8dc9c0dbf5df14f47e3229cd62c298e83049681731ef229f2ba7592932-v1;linux-source-6.6.143-dace1f8dc9c0dbf5df14f47e3229cd62c298e83049681731ef229f2ba7592932-v1	275	full-yaml-read	retain-contract-review	not-per-workflow-verified
agent/linux-expanded-kbuild-v0	.github/workflows/linux-runtime-frozen-cert-v1.yml	00508c60c5f17ad0e4433f4b369c0b5eaef9de7a	linux-runtime	T4	push;workflow_dispatch		frozen-cert	Restore certified linked Linux fixture;Restore pinned Linux source tree for certification only;Install focused prerequisites without update;Build centralized MiniC runtime profile;Generate authoritative Kbuild objects and frozen inputs;Replay frozen inputs through the exact MiniC assembler path;Prove full source tree is unnecessary for frontier execution;Save certified frozen frontier fixture;Write certification summary;Preserve certification evidence		linux-runtime-frozen-cert-v1-${{ github.sha }}		3	linux-expanded-mixed-v1-6.6.143-Linux-d30569a4c675f6ac72d9f63c28f0b8745317f7a15c0799d10768f916d74b3a88;linux-source-6.6.143-dace1f8dc9c0dbf5df14f47e3229cd62c298e83049681731ef229f2ba7592932-v1;linux-runtime-frozen-v1-6.6.143-e538a6ad42ec49c5a667cab5de9bb943f82ca702ff2b7749a020e38ff7ddaea7	224	full-yaml-read	retain-contract-review	not-per-workflow-verified
agent/linux-expanded-kbuild-v0	.github/workflows/linux-runtime-gcc-baseline.yml	c7dd24c5f36db02dae57358e41547dbab2d431d5	linux-runtime	T4	push;workflow_dispatch		gcc-runtime	Install RISC-V Linux runtime prerequisites;Build deterministic runtime initramfs;Build Linux 6.6.143 GCC baseline Image;Run Python-era runtime contract against GCC baseline;Calibrate P1 syscall profile against GCC reference;Preserve runtime blocker		linux-runtime-gcc-blocker		0		111	full-yaml-read	retain-contract-review	not-per-workflow-verified
agent/linux-expanded-kbuild-v0	.github/workflows/linux-runtime-generated-kallsyms-first-die-v0.yml	bd8f74957937f1bfbe9adcd30c54042fb6bdf38c	linux-runtime	T4	push;workflow_dispatch		generated-kallsyms-first-die;kallsyms-first-fault-abc;kallsyms-object-diagnose	Restore certified full linked fixture;Restore pinned Linux source;Restore certified frozen linker source subset;Install prerequisites;Build exact Linux runtime MiniC profile;Refresh current MiniC runtime owners including kallsyms;Relink with generated kallsyms data;Capture primary fault after generated kallsyms;Preserve generated-kallsyms evidence;Restore certified full linked fixture;Restore pinned Linux source;Restore certified frozen linker source subset;Install prerequisites;Freeze cached kallsyms object;Build exact Linux runtime MiniC profile;Build GCC and current MiniC kallsyms variants;Refresh all non-kallsyms runtime owners with current MiniC;Relink and capture first fault for cached GCC and MiniC variants;Classify three-way first-fault result;Preserve three-way kallsyms first-fault evidence;Restore certified full linked fixture;Restore pinned Linux source;Install RISC-V toolchain;Record exact kallsyms config and cached object;Rebuild kallsyms.o with GCC reference;Build exact runtime MiniC profile;Rebuild kallsyms.o with current MiniC;Summarize object provenance and codegen delta;Preserve kallsyms diagnostic evidence		linux-runtime-generated-kallsyms-first-die-v0-${{ github.sha }};linux-runtime-kallsyms-first-fault-abc-v0-${{ github.sha }};linux-runtime-kallsyms-object-diagnose-v0-${{ github.sha }}		8	linux-expanded-mixed-v1-6.6.143-Linux-d30569a4c675f6ac72d9f63c28f0b8745317f7a15c0799d10768f916d74b3a88;linux-source-6.6.143-dace1f8dc9c0dbf5df14f47e3229cd62c298e83049681731ef229f2ba7592932-v1;linux-runtime-frozen-v1-6.6.143-e538a6ad42ec49c5a667cab5de9bb943f82ca702ff2b7749a020e38ff7ddaea7;linux-expanded-mixed-v1-6.6.143-Linux-d30569a4c675f6ac72d9f63c28f0b8745317f7a15c0799d10768f916d74b3a88;linux-source-6.6.143-dace1f8dc9c0dbf5df14f47e3229cd62c298e83049681731ef229f2ba7592932-v1;linux-runtime-frozen-v1-6.6.143-e538a6ad42ec49c5a667cab5de9bb943f82ca702ff2b7749a020e38ff7ddaea7	802	full-yaml-read	retain-contract-review	not-per-workflow-verified
agent/linux-expanded-kbuild-v0	.github/workflows/linux-runtime-link-fixture-cert-v1.yml	dbdf655f18123a786b4f8fadeb7328b87dd2a954	linux-runtime	T4	push;workflow_dispatch		compact-cert	Restore full certified linked fixture for certification only;Restore certified frozen source/link inputs;Verify frozen fixture and oracle contracts;Install minimal terminal-link prerequisites without update;Construct compact fixture from exact thin-archive graph;Link compact fixture first;Link full reference fixture;Prove exact compact/full binary equivalence;Link legacy V1 reference after V2;Prove exact V2 legacy-V1 equivalence;Execute compact fixture and classify frontier;Save certified compact link fixture;Write certification summary;Preserve compact certification evidence		linux-runtime-link-fixture-cert-v1-${{ github.sha }}		3	linux-expanded-mixed-v1-6.6.143-Linux-d30569a4c675f6ac72d9f63c28f0b8745317f7a15c0799d10768f916d74b3a88;linux-runtime-frozen-v1-6.6.143-e538a6ad42ec49c5a667cab5de9bb943f82ca702ff2b7749a020e38ff7ddaea7;linux-runtime-link-v1-6.6.143-e538a6ad42ec49c5a667cab5de9bb943f82ca702ff2b7749a020e38ff7ddaea7	212	full-yaml-read	retain-contract-review	not-per-workflow-verified
agent/linux-expanded-kbuild-v0	.github/workflows/linux-runtime-mm-core-frontier-v0.yml	4c3d6fade380edab6349abf97a88390f92f24bcc	linux-runtime	T4	push;workflow_dispatch		init-irq-bridge	Restore certified full linked fixture;Restore pinned Linux source;Restore certified frozen linker source subset;Install focused prerequisites;Build exact Linux runtime MiniC profile;Refresh certified and current frontier owners with current MiniC;Verify SATP critical CSR window;Relink early image;Execute QEMU current frontier;Preserve focused evidence		linux-runtime-init-irq-bridge-v0-${{ github.sha }}		3	linux-expanded-mixed-v1-6.6.143-Linux-d30569a4c675f6ac72d9f63c28f0b8745317f7a15c0799d10768f916d74b3a88;linux-source-6.6.143-dace1f8dc9c0dbf5df14f47e3229cd62c298e83049681731ef229f2ba7592932-v1;linux-runtime-frozen-v1-6.6.143-e538a6ad42ec49c5a667cab5de9bb943f82ca702ff2b7749a020e38ff7ddaea7	239	full-yaml-read	retain-contract-review	not-per-workflow-verified
agent/linux-expanded-kbuild-v0	.github/workflows/linux-runtime-optin-perf-all3352-v1.yml	81e5d4a2b55bfd68386cc844b227fbb399b60fe6	performance	P	push;workflow_dispatch		shard;aggregate	Install RISC-V prerequisites;Build latest Canonical MiniC;Materialize this Kbuild C TU range (not part of MiniC time);Verify both historically damaged preprocessed inputs with GCC;Measure MiniC -S only, using four parallel workers;Export exact per-TU timing, slowest objects and status;Upload shard evidence only;Aggregate 3352 unique TU results		all3352-constant-p-shard-${{ matrix.label }};all3352-constant-p-final-report		0		191	full-yaml-read	retain-until-profile-integration	not-per-workflow-verified
agent/linux-expanded-kbuild-v0	.github/workflows/linux-runtime-optin-perf-constant-p-qemu-v1.yml	65c5fc802b52c171a08b2fffddc1c15802103864	performance	P	push;workflow_dispatch		semantics	Build control and candidate with identical Canonical patches;Install RISC-V assembler and emulator;Compare GCC frontend, baseline rejection and fixed QEMU behavior;Upload control and candidate evidence		runtime-optin-perf-constant-p-ice-v1		0		81	full-yaml-read	retain-until-profile-integration	not-per-workflow-verified
agent/linux-expanded-kbuild-v0	.github/workflows/linux-runtime-optin-perf-first500-ab-v1.yml	b223ea9a7a728aa6e7eccf40ec76c930bcf58624	performance	P	push;workflow_dispatch	agent/linux-expanded-kbuild-v0	perf500	Build baseline and integrated optimization from clean sources;Restore certified first500 inputs;Verify restored first500 inputs;Install Linux prerequisites only on cache miss;Materialize exact historical first500 inputs;Save verified first500 corpus;Parser index fallback, scope, and zero-expression smokes;Release direct minic smoke on previously crashing TU;Diagnose typedef candidate with ASan on known-failing TU;Paired integrated optimization A/B with exactly four workers;Analyze A/B time distribution;Upload performance evidence		linux-current-profile-first500-perf-v1		2	linux-6.6.143-first500-rv64-v1-${{ hashFiles('tests/external/linux/batch_probe.sh', 'tests/external/linux/probe.sh', 'tests/external/linux/replay-indices.txt') }};linux-6.6.143-first500-rv64-v1-${{ hashFiles('tests/external/linux/batch_probe.sh', 'tests/external/linux/probe.sh', 'tests/external/linux/replay-indices.txt') }}	242	full-yaml-read	retain-until-profile-integration	not-per-workflow-verified
agent/linux-expanded-kbuild-v0	.github/workflows/linux-runtime-owner-focused-v1.yml	a0a39616cf5631bbcdf01500456df2aad9201554	linux-runtime	T4	push;workflow_dispatch		owner	Restore certified full linked fixture;Restore pinned Linux source;Restore certified frozen linker source subset;Install focused prerequisites;Resolve focused owner mode;Build exact Linux runtime MiniC profile;Refresh frontier owners through selected target;Relink early image;Execute QEMU current frontier;Preserve focused evidence		linux-runtime-owner-focused-v1-${{ matrix.mode }}-${{ github.sha }}		3	linux-expanded-mixed-v1-6.6.143-Linux-d30569a4c675f6ac72d9f63c28f0b8745317f7a15c0799d10768f916d74b3a88;linux-source-6.6.143-dace1f8dc9c0dbf5df14f47e3229cd62c298e83049681731ef229f2ba7592932-v1;linux-runtime-frozen-v1-6.6.143-e538a6ad42ec49c5a667cab5de9bb943f82ca702ff2b7749a020e38ff7ddaea7	258	full-yaml-read	retain-contract-review	not-per-workflow-verified
agent/linux-expanded-kbuild-v0	.github/workflows/linux-runtime-qemu-watch-contracts-v1.yml	c7f1311975ffd5703d216d1973ff6aa206ca6370	linux-runtime	T4	push;workflow_dispatch		qemu-watch-cert;inconclusive-cert	Restore certified compact linked fixture;Restore certified frozen frontier inputs;Verify oracle and fixture contracts;Install minimal runtime prerequisites without update;Build certified early image;Run fixed 8 second reference oracle;Run event-driven frontier watcher;Prove reference/watch oracle equivalence and early stop;Preserve watcher certification evidence;Restore certified compact linked fixture;Restore certified frozen frontier inputs;Install minimal runtime prerequisites without update;Build certified early image and mismatched same-stage baseline;Prove unknown same-stage fault does not stop the watcher early;Preserve evidence		linux-runtime-qemu-watch-cert-v1-${{ github.sha }};linux-runtime-qemu-watch-inconclusive-v1-${{ github.sha }}		4	linux-runtime-link-v1-6.6.143-e538a6ad42ec49c5a667cab5de9bb943f82ca702ff2b7749a020e38ff7ddaea7;linux-runtime-frozen-v1-6.6.143-e538a6ad42ec49c5a667cab5de9bb943f82ca702ff2b7749a020e38ff7ddaea7;linux-runtime-link-v1-6.6.143-e538a6ad42ec49c5a667cab5de9bb943f82ca702ff2b7749a020e38ff7ddaea7;linux-runtime-frozen-v1-6.6.143-e538a6ad42ec49c5a667cab5de9bb943f82ca702ff2b7749a020e38ff7ddaea7	312	full-yaml-read	retain-contract-review	not-per-workflow-verified
agent/linux-expanded-kbuild-v0	.github/workflows/linux-runtime-rcu-owner-v0.yml	a3041a6f9f03351c9785e08d6c379b024d714bc9	linux-runtime	T4	push;workflow_dispatch		rcu-softirq-owner-frontier	Restore certified fixtures;Restore pinned Linux source;Restore frozen linker source subset;Install focused prerequisites;Build exact Linux runtime MiniC profile;Capture cached kallsyms owner;Refresh certified runtime owners through kallsyms;Relink early image;Execute QEMU current init-IRQ frontier;Execute and diagnose QEMU fork-init frontier;Preserve focused evidence		linux-runtime-rcu-softirq-rest-init-v4-${{ github.sha }}		3	linux-expanded-mixed-v1-6.6.143-Linux-d30569a4c675f6ac72d9f63c28f0b8745317f7a15c0799d10768f916d74b3a88;linux-source-6.6.143-dace1f8dc9c0dbf5df14f47e3229cd62c298e83049681731ef229f2ba7592932-v1;linux-runtime-frozen-v1-6.6.143-e538a6ad42ec49c5a667cab5de9bb943f82ca702ff2b7749a020e38ff7ddaea7	255	full-yaml-read	retain-contract-review	not-per-workflow-verified
agent/linux-expanded-kbuild-v0	.github/workflows/linux-runtime-riscv-init-codegen-v0.yml	6021f20acfc51df96d8e455af2e500e1f663f7e3	linux-runtime	T4	push;workflow_dispatch		riscv-init-codegen	Restore certified full linked fixture;Restore pinned Linux source;Install RISC-V toolchain;Build exact Linux runtime MiniC profile;Build MiniC and GCC init objects with identical Kbuild context;Preserve init codegen evidence		linux-runtime-riscv-init-codegen-v0-${{ github.sha }}		2	linux-expanded-mixed-v1-6.6.143-Linux-d30569a4c675f6ac72d9f63c28f0b8745317f7a15c0799d10768f916d74b3a88;linux-source-6.6.143-dace1f8dc9c0dbf5df14f47e3229cd62c298e83049681731ef229f2ba7592932-v1	134	full-yaml-read	retain-contract-review	not-per-workflow-verified
agent/linux-expanded-kbuild-v0	.github/workflows/linux-runtime-satp-refresh-v0.yml	defbf066e5bb04d2ddd56f3695085bc00b2d3f08	linux-runtime	T4	push;workflow_dispatch		satp-refresh	Restore certified full linked fixture;Restore pinned Linux source;Restore certified frozen linker source subset;Install focused prerequisites without update;Build exact Linux runtime MiniC profile;Rebuild real PI string owner with current MiniC;Checkpoint PI-only runtime differential;Rebuild real SATP owner with current MiniC;Rebuild setup_arch owner with current MiniC;Inspect set_satp_mode CSR window;Build early image after PI SATP and setup owner refresh;Execute QEMU frontier and capture fault context;Preserve focused evidence		linux-runtime-satp-refresh-v0-${{ github.sha }}		3	linux-expanded-mixed-v1-6.6.143-Linux-d30569a4c675f6ac72d9f63c28f0b8745317f7a15c0799d10768f916d74b3a88;linux-source-6.6.143-dace1f8dc9c0dbf5df14f47e3229cd62c298e83049681731ef229f2ba7592932-v1;linux-runtime-frozen-v1-6.6.143-e538a6ad42ec49c5a667cab5de9bb943f82ca702ff2b7749a020e38ff7ddaea7	389	full-yaml-read	retain-contract-review	not-per-workflow-verified
agent/linux-expanded-kbuild-v0	.github/workflows/linux-runtime-spinlock-context-v0.yml	5dde74694e43401ab95f93bf3fcc5d8120b322f5	linux-runtime	T4	push;workflow_dispatch		spinlock-context;spinlock-codegen;spinlock-first-context;spinlock-stack	Restore certified full linked fixture;Restore pinned Linux source;Restore certified frozen linker source subset;Install prerequisites;Build exact Linux runtime MiniC profile;Instrument recursion context without printk;Refresh runtime owners with current MiniC;Relink early image;Capture first recursion lock and caller with GDB;Resolve captured context against linked symbols;Preserve spinlock context evidence;Restore certified full linked fixture;Restore pinned Linux source;Install RISC-V build tools;Build exact Linux runtime MiniC profile;Compile spinlock_debug with current MiniC;Compile spinlock_debug with GCC reference;Compare focused disassembly;Preserve spinlock codegen evidence;Restore certified full linked fixture;Restore pinned Linux source;Restore certified frozen linker source subset;Install prerequisites;Build exact Linux runtime MiniC profile;Instrument first spinlock validation without printk;Refresh runtime owners with current MiniC;Relink early image;Execute QEMU recursion probe;Extract first diagnostic context;Preserve first-context evidence;Restore full fixture;Restore Linux source;Install focused prerequisites;Build current MiniC and refresh spinlock_debug;Preserve legacy debug_spin_lock_before frame evidence;Unwind reverse call chain and frame sizes;Preserve small evidence		linux-runtime-spinlock-context-v0-${{ github.sha }};linux-runtime-spinlock-codegen-v0-${{ github.sha }};linux-runtime-spinlock-first-context-v0-${{ github.sha }};linux-runtime-spinlock-stack-v0-${{ github.sha }}		10	linux-expanded-mixed-v1-6.6.143-Linux-d30569a4c675f6ac72d9f63c28f0b8745317f7a15c0799d10768f916d74b3a88;linux-source-6.6.143-dace1f8dc9c0dbf5df14f47e3229cd62c298e83049681731ef229f2ba7592932-v1;linux-runtime-frozen-v1-6.6.143-e538a6ad42ec49c5a667cab5de9bb943f82ca702ff2b7749a020e38ff7ddaea7;linux-expanded-mixed-v1-6.6.143-Linux-d30569a4c675f6ac72d9f63c28f0b8745317f7a15c0799d10768f916d74b3a88;linux-source-6.6.143-dace1f8dc9c0dbf5df14f47e3229cd62c298e83049681731ef229f2ba7592932-v1;linux-expanded-mixed-v1-6.6.143-Linux-d30569a4c675f6ac72d9f63c28f0b8745317f7a15c0799d10768f916d74b3a88	954	full-yaml-read	retain-contract-review	not-per-workflow-verified
agent/linux-expanded-kbuild-v0	.github/workflows/linux-runtime-timer-focused-v0.yml	b24b8225264a1b25808ba5eca2ee0790002c2834	linux-runtime	T4	push;workflow_dispatch		timer-frontier	Restore certified full linked fixture;Restore pinned Linux source;Restore certified frozen linker source subset;Install prerequisites;Build exact Linux runtime MiniC profile;Refresh frontier owners plus timer/hrtimer/tick-sched/RCU/init-main/softirq with current MiniC;Relink early image;Execute QEMU current frontier;Diagnose linked first-fault symbol;Preserve focused evidence		linux-runtime-timer-focused-v0-${{ github.sha }}		3	linux-expanded-mixed-v1-6.6.143-Linux-d30569a4c675f6ac72d9f63c28f0b8745317f7a15c0799d10768f916d74b3a88;linux-source-6.6.143-dace1f8dc9c0dbf5df14f47e3229cd62c298e83049681731ef229f2ba7592932-v1;linux-runtime-frozen-v1-6.6.143-e538a6ad42ec49c5a667cab5de9bb943f82ca702ff2b7749a020e38ff7ddaea7	289	full-yaml-read	retain-contract-review	not-per-workflow-verified
agent/linux-expanded-kbuild-v0	.github/workflows/linux-vdso-focused.yml	2b3844cd7d19d9b80381068ce7947ece25a239d4	linux-runtime	T4	push;workflow_dispatch		vdso	Install focused prerequisites;Prepare Linux and GCC vDSO reference;Build exact MiniC;Rebuild only native vDSO C through MiniC;Preserve vDSO evidence		linux-vdso-focused		0		159	full-yaml-read	retain-contract-review	not-per-workflow-verified
agent/linux-expanded-kbuild-v0	.github/workflows/miniar-linux-kbuild.yml	9fdb2ff5e44e2a46b137ea7e0d5e11afc4b51310	miniar	T1/T3	push;workflow_dispatch		linux-kbuild	Install Linux build prerequisites;Build exact MiniAR;Prepare Linux 6.6.143;Build deterministic runtime initramfs;Install MiniAR at the Kbuild AR boundary;Build Linux Image with MiniAR only;Boot MiniAR-built Linux;Preserve Linux integration evidence		miniar-linux-kbuild-evidence		0		146	full-yaml-read	retain-contract-review	not-per-workflow-verified
agent/linux-expanded-kbuild-v0	.github/workflows/miniar-regressions-v1.yml	930653a2f96a8b042ede339582c0a3ae053b70f1	miniar	T1/T3	push;workflow_dispatch		regressions	Install archive and RV64 oracle prerequisites;Build current Mini toolchain once;Validate MiniAR archive contracts;Validate shared ELF reader contract;Validate MiniNM archive consumers;Publish canonical verdict				0		74	full-yaml-read	retain-contract-review	not-per-workflow-verified
agent/linux-expanded-kbuild-v0	.github/workflows/minias-a0-focused-diagnostics-v1.yml	93330555c3913fb78ac1c67d180f2a70dabe951f	minias	T1/T2/T3	workflow_dispatch		real16;frontier;vector33;resolve;window-shard;window	Download frozen first500 corpus;Verify frozen corpus;Build compiler and MiniAS;Run MiniAS A0 micro gate;Generate 16 real Linux assembly files;Assemble real Linux sample and classify first blockers;Download frozen first500 corpus;Verify frozen corpus and map frontier;Restore frozen MiniAS Linux sidecars;Verify and install frozen incbin sidecar;Build compiler and MiniAS;Run MiniAS micro gate;Generate current frontier assembly;Assemble current frontier and classify;Download frozen first500 corpus;Verify frozen corpus;Build compiler and MiniAS;Run MiniAS micro gate;Generate vector33 assembly;Assemble vector33 and print frontier;Resolve frozen window;Download frozen window corpus;Verify frozen window corpus;Restore frozen MiniAS Linux sidecars;Verify and install frozen incbin sidecar;Build compiler and MiniAS;Run MiniAS micro gate;Generate window shard assembly;Assemble window shard and classify;Aggregate frozen window headline	frozen-linux-corpus-first500;frozen-linux-corpus-first500;minias-linux-sidecars-v1;frozen-linux-corpus-first500;${{ needs.resolve.outputs.artifact }};minias-linux-sidecars-v1	minias-a0-real16;minias-a0-current-frontier;minias-a0-vector33;minias-a0-${{ needs.resolve.outputs.label }}-shard-${{ matrix.shard }};minias-a0-${{ needs.resolve.outputs.label }}-progress		0		751	full-yaml-read	retain-contract-review	not-per-workflow-verified
agent/linux-expanded-kbuild-v0	.github/workflows/minias-a0-gate-v1.yml	f430ce905fa4c49715ce4cd5ef1dc4cef2054f9c	minias	T1/T2/T3	push;workflow_dispatch		shard;all3352;c149;native35;gate3536	Download frozen Linux corpus;Verify frozen Linux corpus;Restore frozen MiniAS Linux sidecars;Verify and install frozen incbin sidecar;Build exact compiler and MiniAS;Run MiniAS micro gate;Generate exact assembly window;Assemble exact window and classify;Require matrix completion;Aggregate exact all3352;Download frozen ground-truth C149 corpus;Verify and extract frozen C149 corpus;Build MiniC and MiniAS;Run MiniAS micro gate;Replay C149 through MiniC;Assemble MiniC outputs and build failure pool;Install exact Linux RISC-V build dependencies;Rebuild native35 from exact targeted Kbuild object commands;Build exact MiniAS;Assemble regenerated native35 and require 35 of 35;Require complete 3536 hard gate	${{ matrix.artifact }};minias-linux-sidecars-v1;minias-ground-truth-c149-corpus	minias-all3352-${{ matrix.label }};minias-a0-c149-progress;minias-a0-gate-v1-native35		0		742	full-yaml-read	retain-contract-review	not-per-workflow-verified
agent/linux-expanded-kbuild-v0	.github/workflows/minias-semantic-oracle3536.yml	519b4b6fa9f3dd6e344761a7e7f6cbbd1de76831	minias	T1/T2/T3	workflow_dispatch		c-shards;c149;native35;aggregate	Install oracle dependencies;Download frozen Linux corpus;Verify frozen Linux corpus;Restore frozen incbin sidecar;Verify and install sidecar;Build exact MiniC and MiniAS;Generate exact MiniC assembly;Compare GNU as and MiniAS semantically;Install oracle dependencies;Download frozen C149 corpus;Verify and extract C149;Restore frozen incbin sidecar;Install sidecar;Build exact MiniC and MiniAS;Replay C149 through MiniC;Compare C149 objects semantically;Install semantic-oracle and exact Linux RISC-V build dependencies;Rebuild native35 from exact targeted Kbuild object commands;Build exact MiniAS;Compare regenerated native35 objects semantically;Require classification jobs;Aggregate 3536 semantic baseline	${{ matrix.artifact }};minias-linux-sidecars-v1;minias-ground-truth-c149-corpus;minias-linux-sidecars-v1	minias-semantic-${{ matrix.label }};minias-semantic-c149;minias-semantic-native35		0		514	full-yaml-read	retain-contract-review	not-per-workflow-verified
agent/linux-expanded-kbuild-v0	.github/workflows/minic-driver-v0.yml	ccbcc1abbc1127868eccdedf6aa85fb10aba8fb4	minic-driver-core	T1/T3	push;workflow_dispatch		driver-v0	Install RV64 musl prerequisites;Build current toolchain and driver;Build pristine musl and MiniLD loader;Compile and link first dynamic C program through minic driver;Preserve driver evidence		minic-driver-v0		0		221	full-yaml-read	retain-contract-review	not-per-workflow-verified
agent/linux-expanded-kbuild-v0	.github/workflows/minic-rv64-focused-regressions-v1.yml	1655301d8d169f524fed757446d4367792270427	minic-driver-core	T1/T3	push;workflow_dispatch		regressions	Install RV64 link and runtime prerequisites;Build current Mini toolchain once;Run focused current-product regressions;Preserve focused regression evidence		minic-rv64-focused-regressions-v1		0		94	full-yaml-read	retain-contract-review	not-per-workflow-verified
agent/linux-expanded-kbuild-v0	.github/workflows/minild-dynamic-integration-v1.yml	9f28d3712c9a5aaea26b220d3de006d98e9d064c	minild	T1/T3/T4	push;workflow_dispatch		dynamic-integration	Install RV64 musl prerequisites;Build current MiniLD once;Build pristine musl and MiniLD loader once;Build shared PIE input and runtime root;Validate explicit DT_NEEDED MiniLD PIE;Validate DSO input and automatic DT_NEEDED MiniLD PIE;Publish combined dynamic verdict;Preserve dynamic integration evidence		minild-dynamic-integration-v1		0		280	full-yaml-read	retain-contract-review	not-per-workflow-verified
agent/linux-expanded-kbuild-v0	.github/workflows/minild-linux-rel-boundaries-v1.yml	826677e079536e2901b697cb81cc8caeb9e5f261	minild	T1/T3/T4	push;workflow_dispatch		linux-rel-boundaries	Install Linux build prerequisites;Build current MiniLD once;Prepare Linux 6.6.143 once;Install two-boundary MiniLD wrapper;Build one Linux Image through both MiniLD boundaries;Preserve Linux boundary evidence		minild-linux-rel-boundaries-v1		0		126	full-yaml-read	retain-contract-review	not-per-workflow-verified
agent/linux-expanded-kbuild-v0	.github/workflows/minild-regressions-v1.yml	cea2cc16a25d9163142c2ddbbc67e73e3f7120c8	minild	T1/T3/T4	push;workflow_dispatch		regressions	Install RV64 linker and dynamic runtime oracles;Build current Mini toolchain once;Validate shared ELF writer reader and linker-script contracts;Validate MiniLD static A0-A3 contracts;Validate MiniLD dynamic A4-A6 contracts;Validate MiniLD section GC contract;Publish canonical verdict				0		94	full-yaml-read	retain-contract-review	not-per-workflow-verified
agent/linux-expanded-kbuild-v0	.github/workflows/minild-static-runtime-v1.yml	1b48c8a042d3ea2155fec45b40be6f48c375a40a	minild	T1/T3/T4	push;workflow_dispatch		musl-lua-static	Install RV64 build/runtime prerequisites;Build current MiniLD once;Build pristine musl 1.2.5 static producer once;Validate explicit musl malloc/free contract with GNU and MiniLD;Build pristine Lua 5.5.0 into RV64 objects;Validate Lua GNU reference and MiniLD product;Publish canonical verdict;Preserve static runtime evidence		minild-static-runtime-v1-evidence		0		254	full-yaml-read	retain-contract-review	not-per-workflow-verified
agent/linux-expanded-kbuild-v0	.github/workflows/miniobjcopy-strip-regressions-v1.yml	5776fe8d2bd51fb485596274f44e8c9af5da7a5c	miniobjcopy-strip	T1/T3	push;workflow_dispatch		regressions;linux-tool;linux-image	Install RV32 RV64 oracle tools;Strict build once;Preserve shared ELF reader consumers;Validate MiniObjcopy A0 and A1;Validate MiniStrip A0;Publish canonical verdict;Install Linux build prerequisites;Build toolchain and focused gates;Prepare Linux 6.6.143;Install MiniLD and MiniObjcopy wrappers;Build Linux Image with MiniObjcopy everywhere;Preserve Linux MiniObjcopy frontier;Install GNU RISC-V objcopy oracle;Build MiniObjcopy;Download frozen real Linux final-link frontier;Reproduce Linux 6.6.143 Image byte-for-byte	static-linux-final-frontier	miniobjcopy-linux-tool-frontier	33623125809	0		303	full-yaml-read	partially-blocked-historical-image-fixture	not-per-workflow-verified
agent/linux-expanded-kbuild-v0	.github/workflows/minipp-a0.yml	f0015b6c395227db5715785f468e3e93b71233c1	minipp	T1/T2/T3	push;workflow_dispatch		exact-a0	Build independent MiniPP;Compare exact preprocessed output with GCC				0		32	full-yaml-read	retain-contract-review	not-per-workflow-verified
agent/linux-expanded-kbuild-v0	.github/workflows/minipp-linux-exact-smoke.yml	02c08d5b76501be16277ef233751f7ed191c15cd	minipp	T1/T2/T3	push;workflow_dispatch		linux-exact-smoke;linux-exact-batch;linux-exact-72	Install Linux preprocessing prerequisites;Build independent MiniPP;Prepare Linux 6.6.143;Freeze RISC-V GCC predefines and feature tests;Probe real Kbuild preprocessing inputs;Preserve exact-smoke evidence;Install Linux preprocessing prerequisites;Build independent MiniPP;Prepare Linux 6.6.143;Freeze RISC-V GCC predefines and feature tests;Run product18 and derive sample16;Preserve batch evidence;Install Linux preprocessing prerequisites;Build independent MiniPP;Prepare Linux 6.6.143;Freeze RISC-V GCC predefines and feature tests;Run product72 and derive sample16;Preserve 72-TU evidence		minipp-linux-exact-smoke;minipp-linux-exact-batch18;minipp-linux-exact-72		0		325	full-yaml-read	retain-contract-review	not-per-workflow-verified
agent/linux-expanded-kbuild-v0	.github/workflows/minipp-linux-exact-v1.yml	92e53a34032177800251d00ff0ca2fd142ffdd15	minipp	T1/T2/T3	push;workflow_dispatch		exact-shard	Install exact replay and frozen-oracle prerequisites;Build independent MiniPP once;Prepare Linux and reproduce frozen shard contract;Restore frozen GCC shard corpus;Build GCC shard reference corpus on cache miss;Verify frozen GCC shard corpus identity;Save frozen GCC shard corpus on cache miss;Replay frozen coverage sample;Replay full frozen product shard;Preserve exact shard evidence		minipp-linux-exact-v1-${{ matrix.id }}		2	${{ steps.identity.outputs.cache_key }};${{ steps.identity.outputs.cache_key }}	284	full-yaml-read	retain-contract-review	not-per-workflow-verified
agent/linux-expanded-kbuild-v0	.github/workflows/minipp-linux-focus-v1.yml	08ca506dc4d6933f81648d7156cf3f698fc0a17d	minipp	T1/T2/T3	push;workflow_dispatch		cached-focus	Install focused replay and reference prerequisites;Build independent MiniPP;Prepare Linux and reproduce frozen contract;Restore frozen GCC corpus;Build GCC reference corpus on cache miss;Verify frozen GCC corpus identity;Save frozen GCC corpus on cache miss;Replay focused cached pool;Preserve focused evidence		${{ matrix.artifact }}		2	${{ matrix.cache_key }};${{ matrix.cache_key }}	229	full-yaml-read	retain-contract-review	not-per-workflow-verified
agent/linux-expanded-kbuild-v0	.github/workflows/toolchain-m0-structure.yml	6ea901dbb7463e8c2cec7989dbe5b1265b7f26e6	ci-structure	T0	push;workflow_dispatch		compiler-boundary	Run Linux runtime isolation selftests;Validate active Linux Kbuild wrapper contract;Validate BusyBox Kbuild ownership routing contract;Validate distributed Image canonical CI contracts (no Linux build);Build frozen compiler boundary;Verify minic-cc and independent driver entrypoint;Run focused ownership gates;Verify compiler CLI output identity				0		319	full-yaml-read	retain-contract-review	not-per-workflow-verified
agent/linux-perf-boolean-domain-v1	.github/workflows/core-first500-regression.yml	02627bc5f2a3dc50dbca227cde4c8157bef3f043	compiler-linux-corpus	T2	push;workflow_dispatch	agent/linux-expanded-kbuild-v0;agent/linux-perf-boolean-domain-v1	strict500;focused-five	Restore frozen Linux corpus;Restore pinned Linux source archive;Restore RISC-V package archives;Restore native Kbuild package archives;Install Linux corpus rebuild dependencies;Assert productized Core-only source;Build exact Core-only source;Rebuild frozen first500 corpus on cache miss;Require frozen corpus;Save rebuilt frozen first500 corpus;Save pinned Linux source archive;Qualify scalar double focused;Qualify local complete object diagnostics;Replay frozen strict500 from exact production source;Run broad check-fast after strict500 census;Record broad check-fast outcome;Keep broad check-fast observational after strict500;Persist M175 strict500 evidence;Restore frozen first500 corpus;Restore frozen new500 corpus;Build exact compiler;Replay five cross-shard regressions;Print exact failing source context		m175-core-only-strict500-${{ steps.source_state.outputs.source_head }}		8	linux-focus-corpus-v1-6.6.143-rv64-defconfig-gcc13.3.0-${{ hashFiles('tests/external/linux/replay-indices.txt') }};linux-source-6.6.143-dace1f8dc9c0dbf5df14f47e3229cd62c298e83049681731ef229f2ba7592932;rv64-apt-${{ runner.os }}-${{ runner.arch }}-noble-${{ hashFiles('tools/ci/ubuntu-24.04-packages.txt') }};kbuild-apt-${{ runner.os }}-${{ runner.arch }}-noble-flex-bison-bc-libelf-dev-libssl-dev-v1;linux-focus-corpus-v1-6.6.143-rv64-defconfig-gcc13.3.0-${{ hashFiles('tests/external/linux/replay-indices.txt') }};linux-source-6.6.143-dace1f8dc9c0dbf5df14f47e3229cd62c298e83049681731ef229f2ba7592932	413	full-yaml-read	retain-contract-review	not-per-workflow-verified
agent/linux-perf-boolean-domain-v1	.github/workflows/linux-check-cpu-stall-runtime-v0.yml	7fce9bc454cec54411fb852137fa627863ef8022	linux-runtime	T4	push;workflow_dispatch		runtime	Restore linked Linux cache;Install focused prerequisites;Build current patched MiniC;Rebuild runtime failure pool plus RCU stall owner;Relink and run QEMU;Preserve runtime evidence		linux-check-cpu-stall-runtime-v0		1	linux-expanded-mixed-v1-6.6.143-Linux-d30569a4c675f6ac72d9f63c28f0b8745317f7a15c0799d10768f916d74b3a88	234	full-yaml-read	retain-contract-review	not-per-workflow-verified
agent/linux-perf-boolean-domain-v1	.github/workflows/linux-core-all3352.yml	c484a871807795b15c2f43de8acdaf1071fcba57	compiler-linux-corpus	T2	push;workflow_dispatch	agent/linux-expanded-kbuild-v0;agent/linux-perf-boolean-domain-v1	first500;shards;all3352;asm-first500;asm-shards;asm-all3352	Restore frozen first500 corpus;Validate frozen first500 corpus;Build exact compiler;Replay first500 exactly;Restore frozen shard corpus;Validate frozen shard corpus;Build exact compiler;Replay shard exactly;Require every frozen shard exact;Restore frozen first500 corpus;Install RV64 assembler;Build exact compiler;Compile and assemble full first500;Restore frozen shard corpus;Install RV64 assembler;Build exact compiler;Compile and assemble full shard;Require every object shard				4	linux-focus-corpus-v1-6.6.143-rv64-defconfig-gcc13.3.0-${{ hashFiles('tests/external/linux/replay-indices.txt') }};${{ matrix.cache_key }};linux-focus-corpus-v1-6.6.143-rv64-defconfig-gcc13.3.0-${{ hashFiles('tests/external/linux/replay-indices.txt') }};${{ matrix.cache_key }}	315	full-yaml-read	retain-contract-review	not-per-workflow-verified
agent/linux-perf-boolean-domain-v1	.github/workflows/linux-core-object-interval-top5-ab-v1.yml	5366fbb35022c973f80a11c6a8d3d349cde25d65	performance	P	push;workflow_dispatch	agent/linux-perf-boolean-domain-v1	top5	Build Canonical P14 + P15-on vs P15-off;Restore verified first500 corpus;Execute 5 x 3 paired A-B and compare assembly SHA256;Verify forced interval index failure preserves legacy assembly;Upload coloring A-B evidence		linux-core-object-interval-top5-ab-v1		1	linux-6.6.143-first500-rv64-v1-${{ hashFiles('tests/external/linux/batch_probe.sh', 'tests/external/linux/probe.sh', 'tests/external/linux/replay-indices.txt') }}	129	full-yaml-read	retain-until-profile-integration	not-per-workflow-verified
agent/linux-perf-boolean-domain-v1	.github/workflows/linux-core-shards-v1.yml	cd18cb3b43541ef7d825045743b2e0e752e62763	compiler-linux-corpus	T2	push;workflow_dispatch		shard;crash1573;certified	Restore frozen shard corpus;Validate cached shard corpus;Fetch exact Linux 6.6.143 stable source on cache miss;Install corpus materialization dependencies on cache miss;Materialize frozen shard on cache miss;Validate materialized GCC syntax where historically certified;Save frozen shard corpus on cache miss;Build exact compiler;Replay historical focused blocker pool;Replay full frozen shard;Preserve shard evidence;Restore certified 1500-1999 corpus;Build sanitizer compiler;Materialize crash TU 1573;Replay crash TU under ASan UBSan;Preserve crash evidence;Record canonical shard certification		linux-core-shards-v1-${{ matrix.id }}-${{ github.sha }};linux-core-shards-v1-crash1573-${{ github.sha }}		3	${{ matrix.cache_key }};${{ matrix.cache_key }};linux-next500b-corpus-v1-6.6.143-rv64-defconfig-gcc13.3.0-indices-1500-1999	457	full-yaml-read	retain-contract-review	not-per-workflow-verified
agent/linux-perf-boolean-domain-v1	.github/workflows/linux-efistub-diff-v0.yml	ee010b82654c79ad1d9d8da0fb8fa3848ad75fd5	linux-runtime	T4	push;workflow_dispatch		efistub-diff	Install RV64 Linux prerequisites;Build current Mini toolchain;Prepare pinned Linux 6.6.143 with EFI stub;Build GCC EFI stub reference sample;Build MiniC EFI stub sample;Compare EFI stub undefined symbols;Preserve EFI stub evidence		linux-efistub-diff-v0		0		163	full-yaml-read	retain-contract-review	not-per-workflow-verified
agent/linux-perf-boolean-domain-v1	.github/workflows/linux-expanded-entry-trace-v0.yml	ff15c0643a93b8025fb32766ad94bb46123ae67e	linux-runtime	T4	push;workflow_dispatch		trace	Restore successful Expanded Linux out cache;Install trace prerequisites;Trace first translated kernel blocks;Preserve entry trace		linux-expanded-entry-trace-v0		1	linux-expanded-mixed-v1-6.6.143-${{ runner.os }}-${{ hashFiles('src/**', 'include/**', 'tools/ci/apply-*.py', 'tests/external/linux/stage2_kbuild_cc.sh') }}	119	full-yaml-read	retain-contract-review	not-per-workflow-verified
agent/linux-perf-boolean-domain-v1	.github/workflows/linux-expanded-kbuild-v0.yml	35500d29ab940d0033832d50b17e33e0d9c2f9db	linux-image	T3/T4	push;workflow_dispatch		image-frontier	Compute stable current-profile cache identity;Restore current-profile owner checkpoint;Install RV64 Linux prerequisites;Build exact centralized Linux runtime MiniC profile;Prepare pinned Linux 6.6.143;Refresh only cached objects with bad explicit sections;Initialize current-profile owner checkpoint state;Preflight shared inline-asm blocker pair;Compile current-profile owner cohort 1;Save owner cohort 1 checkpoint;Compile current-profile owner cohort 2;Save owner cohort 2 checkpoint;Compile current-profile owner cohort 3 regular targets;Save owner cohort 3 regular checkpoint;Compile isolated net core filter owner;Save owner cohort 3 checkpoint;Compile current-profile owner cohort 4;Save owner cohort 4 checkpoint;Build Linux Image through MiniC until next frontier;Save certified successful Linux Image cache;Preserve expanded frontier evidence		linux-expanded-kbuild-v0		7	linux-expanded-owner-v1-6.6.143-${{ runner.os }}-${{ steps.profile-cache.outputs.digest }}-${{ hashFiles('tools/ci/linux-expanded-owner-targets-v1.txt', 'tools/ci/linux-expanded-owner-refresh-v1.sh') }}-c4;linux-expanded-owner-v1-6.6.143-${{ runner.os }}-${{ steps.profile-cache.outputs.digest }}-${{ hashFiles('tools/ci/linux-expanded-owner-targets-v1.txt', 'tools/ci/linux-expanded-owner-refresh-v1.sh') }}-c1;linux-expanded-owner-v1-6.6.143-${{ runner.os }}-${{ steps.profile-cache.outputs.digest }}-${{ hashFiles('tools/ci/linux-expanded-owner-targets-v1.txt', 'tools/ci/linux-expanded-owner-refresh-v1.sh') }}-c2;linux-expanded-owner-v1-6.6.143-${{ runner.os }}-${{ steps.profile-cache.outputs.digest }}-${{ hashFiles('tools/ci/linux-expanded-owner-targets-v1.txt', 'tools/ci/linux-expanded-owner-refresh-v1.sh') }}-c3a;linux-expanded-owner-v1-6.6.143-${{ runner.os }}-${{ steps.profile-cache.outputs.digest }}-${{ hashFiles('tools/ci/linux-expanded-owner-targets-v1.txt', 'tools/ci/linux-expanded-owner-refresh-v1.sh') }}-c3;linux-expanded-owner-v1-6.6.143-${{ runner.os }}-${{ steps.profile-cache.outputs.digest }}-${{ hashFiles('tools/ci/linux-expanded-owner-targets-v1.txt', 'tools/ci/linux-expanded-owner-refresh-v1.sh') }}-c4	370	full-yaml-read	retain-contract-review	not-per-workflow-verified
agent/linux-perf-boolean-domain-v1	.github/workflows/linux-expanded-pi-runtime-v0.yml	40b22c2ff0bda380df99ebbab99cea55f424aaa8	linux-runtime	T4	push;workflow_dispatch		pi-runtime	Restore successful Expanded Linux out cache;Install focused runtime prerequisites;Apply current MiniC Linux semantic stack and build compiler;Prepare pinned Linux source around restored out tree;Force-rebuild MMU init and six RISC-V PI startup objects through fixed MiniC;Relink focused early-refreshed Linux Image;Trace early-refreshed boot exception frontier;Build Python-era P1 initramfs;Run explicit-initrd Python-era P1 contract;Preserve focused PI runtime evidence		linux-expanded-pi-runtime-v0		1	linux-expanded-mixed-v1-6.6.143-${{ runner.os }}-${{ hashFiles('src/**', 'include/**', 'tools/ci/apply-*.py', 'tests/external/linux/stage2_kbuild_cc.sh') }}	226	full-yaml-read	retain-contract-review	not-per-workflow-verified
agent/linux-perf-boolean-domain-v1	.github/workflows/linux-expanded-runtime-p1-v0.yml	93677aa0c74dc00cfba0544535fca5b841dd2b51	linux-runtime	T4	push;workflow_dispatch		p1	Compute stable current-profile cache identity;Restore latest successful Expanded Linux out cache;Verify restored MiniC Image;Install P1 runtime prerequisites;Diagnose restored vmlinux physical layout;Rank code and rodata inflation by symbol and object;Build deterministic P1 initramfs;Boot exact Expanded Image and run P1 syscall contract;Preserve P1 runtime evidence		linux-expanded-runtime-p1-v0		1	linux-expanded-image-v3-6.6.143-${{ runner.os }}-${{ steps.profile-cache.outputs.digest }}-${{ hashFiles('tools/ci/linux-expanded-owner-targets-v1.txt', 'tools/ci/linux-expanded-owner-refresh-v1.sh') }}	215	full-yaml-read	retain-contract-review	not-per-workflow-verified
agent/linux-perf-boolean-domain-v1	.github/workflows/linux-fork-stack-runtime-v0.yml	db96f28725b15954d39dad975598b99a0497a0ec	linux-runtime	T4	push;workflow_dispatch		runtime	Restore known linked Linux cache;Install focused prerequisites;Build selected MiniC mode;Replace only selected cache object group;Relink from mixed cache and run first-fault oracle;Preserve runtime evidence		linux-fork-stack-runtime-v0-${{ matrix.case }}		1	linux-expanded-mixed-v1-6.6.143-Linux-d30569a4c675f6ac72d9f63c28f0b8745317f7a15c0799d10768f916d74b3a88	237	full-yaml-read	retain-contract-review	not-per-workflow-verified
agent/linux-perf-boolean-domain-v1	.github/workflows/linux-gnu-constant-p-ice-regression-v1.yml	01090b5d83f9687bfc1cdc0616e753e650f4e515	performance	P	push;workflow_dispatch		semantics	Build control and candidate with identical Canonical patches;Install RISC-V assembler and emulator;Compare GCC frontend, baseline rejection and fixed QEMU behavior;Upload control and candidate evidence		constant-p-ice-semantics-regression		0		84	full-yaml-read	retain-until-profile-integration	not-per-workflow-verified
agent/linux-perf-boolean-domain-v1	.github/workflows/linux-image-qemu-runtime-v0.yml	d537267fc422bb4c14f143e2311e39a1fb9d46c5	linux-runtime	T4	push;workflow_dispatch		qemu-runtime	Compute stable current-profile cache identity;Restore latest Linux Image cache;Install RV64 QEMU runtime prerequisites;Verify cached Linux Image exists;Build minimal RV64 initramfs;Boot MiniC-built Linux Image in QEMU;Preserve QEMU runtime evidence		linux-image-qemu-runtime-v0		1	linux-expanded-image-v3-6.6.143-${{ runner.os }}-${{ steps.profile-cache.outputs.digest }}-${{ hashFiles('tools/ci/linux-expanded-owner-targets-v1.txt', 'tools/ci/linux-expanded-owner-refresh-v1.sh') }}	145	full-yaml-read	retain-contract-review	not-per-workflow-verified
agent/linux-perf-boolean-domain-v1	.github/workflows/linux-optimized-first500-verify-v1.yml	e37d8229c5e80db59b4f07640aa3c7a2f0f5ef49	performance	P	push;workflow_dispatch	agent/linux-perf-boolean-domain-v1	perf500	Build baseline and integrated optimization from clean sources;Restore certified first500 inputs;Verify restored first500 inputs;Install Linux prerequisites only on cache miss;Materialize exact historical first500 inputs;Save verified first500 corpus;Parser index fallback, scope, and zero-expression smokes;Release direct minic smoke on previously crashing TU;Diagnose typedef candidate with ASan on known-failing TU;Paired integrated optimization A/B with exactly four workers;Analyze A/B time distribution;Upload performance evidence		linux-current-profile-first500-perf-v1		2	linux-6.6.143-first500-rv64-v1-${{ hashFiles('tests/external/linux/batch_probe.sh', 'tests/external/linux/probe.sh', 'tests/external/linux/replay-indices.txt') }};linux-6.6.143-first500-rv64-v1-${{ hashFiles('tests/external/linux/batch_probe.sh', 'tests/external/linux/probe.sh', 'tests/external/linux/replay-indices.txt') }}	248	full-yaml-read	retain-until-profile-integration	not-per-workflow-verified
agent/linux-perf-boolean-domain-v1	.github/workflows/linux-parser-scope-first500-ab-v1.yml	df4ae079496233b826c05aebb6867c9014215f4d	performance	P	push;workflow_dispatch	agent/linux-perf-boolean-domain-v1	perf500	Build full Canonical profile with and without the scope fix;Restore certified first500 inputs;Verify restored first500 inputs;Install Linux prerequisites only on cache miss;Materialize exact historical first500 inputs;Save verified first500 corpus;Parser index fallback, scope, and zero-expression smokes;GCC and RISC-V QEMU parser scope regression;Release direct minic smoke on previously crashing TU;Diagnose typedef candidate with ASan on known-failing TU;Paired canonical versus parser-scope fix 500 TU A/B;Analyze A/B time distribution;Upload performance evidence		linux-parser-scope-first500-evidence-v1		2	linux-6.6.143-first500-rv64-v1-${{ hashFiles('tests/external/linux/batch_probe.sh', 'tests/external/linux/probe.sh', 'tests/external/linux/replay-indices.txt') }};linux-6.6.143-first500-rv64-v1-${{ hashFiles('tests/external/linux/batch_probe.sh', 'tests/external/linux/probe.sh', 'tests/external/linux/replay-indices.txt') }}	314	full-yaml-read	retain-until-profile-integration	not-per-workflow-verified
agent/linux-perf-boolean-domain-v1	.github/workflows/linux-runtime-compiler-semantics-v1.yml	8601132b3f798dbfb0d57d3c3bb8eb802ea99c1b	linux-runtime	T4	push;workflow_dispatch		pi-local-symbol;satp-micro	Restore certified compact linked fixture;Restore certified frozen frontier inputs;Install focused prerequisites without update;Build MiniC profile with PI-local-symbol fix;Prove local symbols use lla and extern symbols keep la;Replay only current frontier owners from frozen inputs;Build exact early image with certified compact linker;Execute until runtime oracle decides;Preserve focused evidence;Build exact Linux runtime MiniC profile;Check stack-free SATP transition;Preserve failing assembly		linux-runtime-pi-local-symbol-v0-${{ github.sha }};linux-pi-satp-micro-v0		2	linux-runtime-link-v1-6.6.143-e538a6ad42ec49c5a667cab5de9bb943f82ca702ff2b7749a020e38ff7ddaea7;linux-runtime-frozen-v1-6.6.143-e538a6ad42ec49c5a667cab5de9bb943f82ca702ff2b7749a020e38ff7ddaea7	223	full-yaml-read	retain-contract-review	not-per-workflow-verified
agent/linux-perf-boolean-domain-v1	.github/workflows/linux-runtime-fault-context-v1.yml	4ce700578911665cf0d5fd0085d511da7d7e3d27	linux-runtime	T4	push;workflow_dispatch		fault-context	Restore certified compact linked fixture;Restore certified frozen frontier inputs;Install focused prerequisites without update;Build current MiniC profile and replay current owners;Build exact current early image;Capture first fault and dynamic caller context;Preserve focused evidence		linux-runtime-fault-context-v1-${{ github.sha }}		2	linux-runtime-link-v1-6.6.143-e538a6ad42ec49c5a667cab5de9bb943f82ca702ff2b7749a020e38ff7ddaea7;linux-runtime-frozen-v1-6.6.143-e538a6ad42ec49c5a667cab5de9bb943f82ca702ff2b7749a020e38ff7ddaea7	131	full-yaml-read	retain-contract-review	not-per-workflow-verified
agent/linux-perf-boolean-domain-v1	.github/workflows/linux-runtime-fdt-isolation-v1.yml	83feffda9150072a849f677c58856f77975968cc	linux-runtime	T4	push;workflow_dispatch		fdt-isolation;fdt-ro-codegen	Restore certified fixtures;Install prerequisites;Build exact MiniC runtime profile;Refresh current MiniC runtime owners;Swap linked fdt_ro owner to GCC;Relink with generated kallsyms;Trace early boot breadcrumbs and first die;Preserve FDT isolation evidence;Restore certified full linked fixture;Restore pinned Linux source;Install RISC-V toolchain;Build exact Linux runtime MiniC profile;Build MiniC and GCC fdt_ro objects with identical Kbuild context;Preserve FDT codegen evidence		linux-runtime-fdt-isolation-v1-${{ github.sha }};linux-runtime-fdt-ro-codegen-v0-${{ github.sha }}		3	linux-expanded-mixed-v1-6.6.143-Linux-d30569a4c675f6ac72d9f63c28f0b8745317f7a15c0799d10768f916d74b3a88;linux-source-6.6.143-dace1f8dc9c0dbf5df14f47e3229cd62c298e83049681731ef229f2ba7592932-v1;linux-runtime-frozen-v1-6.6.143-e538a6ad42ec49c5a667cab5de9bb943f82ca702ff2b7749a020e38ff7ddaea7;linux-expanded-mixed-v1-6.6.143-Linux-d30569a4c675f6ac72d9f63c28f0b8745317f7a15c0799d10768f916d74b3a88;linux-source-6.6.143-dace1f8dc9c0dbf5df14f47e3229cd62c298e83049681731ef229f2ba7592932-v1	489	full-yaml-read	retain-contract-review	not-per-workflow-verified
agent/linux-perf-boolean-domain-v1	.github/workflows/linux-runtime-frontier-fast-v5.yml	457a53c1cdb01b022a1566c7fe9f0d4b4e438d7b	linux-runtime	T4	push;workflow_dispatch		frontier-fast-v5	Restore certified compact linked fixture;Restore certified frozen frontier inputs;Prove oracle and fixture contracts;Install minimal cross and runtime prerequisites;Build current centralized MiniC runtime profile;Replay current frontier owners from frozen inputs;Build certified early runtime Image V2;Execute with certified event-driven frontier watcher;Preserve compact frontier evidence		linux-runtime-frontier-fast-v5-${{ github.sha }}		2	linux-runtime-link-v1-6.6.143-e538a6ad42ec49c5a667cab5de9bb943f82ca702ff2b7749a020e38ff7ddaea7;linux-runtime-frozen-v1-6.6.143-e538a6ad42ec49c5a667cab5de9bb943f82ca702ff2b7749a020e38ff7ddaea7	195	full-yaml-read	retain-contract-review	not-per-workflow-verified
agent/linux-perf-boolean-domain-v1	.github/workflows/linux-runtime-frontier-v1.yml	ba568cb98cd92feabf75d45489d74ba003d83baa	linux-runtime	T4	push;workflow_dispatch		candidate	Restore certified linked Linux fixture;Restore pinned Linux source tree;Prove frontier classifier invariants;Install focused prerequisites;Build current reuse candidate;Refresh current frontier owners and freeze inputs;Save pinned Linux source tree;Relink, execute and classify frontier;Preserve frontier evidence		linux-runtime-frontier-v1-${{ github.sha }}		3	linux-expanded-mixed-v1-6.6.143-Linux-d30569a4c675f6ac72d9f63c28f0b8745317f7a15c0799d10768f916d74b3a88;linux-source-6.6.143-dace1f8dc9c0dbf5df14f47e3229cd62c298e83049681731ef229f2ba7592932-v1;linux-source-6.6.143-dace1f8dc9c0dbf5df14f47e3229cd62c298e83049681731ef229f2ba7592932-v1	275	full-yaml-read	retain-contract-review	not-per-workflow-verified
agent/linux-perf-boolean-domain-v1	.github/workflows/linux-runtime-frozen-cert-v1.yml	00508c60c5f17ad0e4433f4b369c0b5eaef9de7a	linux-runtime	T4	push;workflow_dispatch		frozen-cert	Restore certified linked Linux fixture;Restore pinned Linux source tree for certification only;Install focused prerequisites without update;Build centralized MiniC runtime profile;Generate authoritative Kbuild objects and frozen inputs;Replay frozen inputs through the exact MiniC assembler path;Prove full source tree is unnecessary for frontier execution;Save certified frozen frontier fixture;Write certification summary;Preserve certification evidence		linux-runtime-frozen-cert-v1-${{ github.sha }}		3	linux-expanded-mixed-v1-6.6.143-Linux-d30569a4c675f6ac72d9f63c28f0b8745317f7a15c0799d10768f916d74b3a88;linux-source-6.6.143-dace1f8dc9c0dbf5df14f47e3229cd62c298e83049681731ef229f2ba7592932-v1;linux-runtime-frozen-v1-6.6.143-e538a6ad42ec49c5a667cab5de9bb943f82ca702ff2b7749a020e38ff7ddaea7	224	full-yaml-read	retain-contract-review	not-per-workflow-verified
agent/linux-perf-boolean-domain-v1	.github/workflows/linux-runtime-gcc-baseline.yml	c7dd24c5f36db02dae57358e41547dbab2d431d5	linux-runtime	T4	push;workflow_dispatch		gcc-runtime	Install RISC-V Linux runtime prerequisites;Build deterministic runtime initramfs;Build Linux 6.6.143 GCC baseline Image;Run Python-era runtime contract against GCC baseline;Calibrate P1 syscall profile against GCC reference;Preserve runtime blocker		linux-runtime-gcc-blocker		0		111	full-yaml-read	retain-contract-review	not-per-workflow-verified
agent/linux-perf-boolean-domain-v1	.github/workflows/linux-runtime-generated-kallsyms-first-die-v0.yml	bd8f74957937f1bfbe9adcd30c54042fb6bdf38c	linux-runtime	T4	push;workflow_dispatch		generated-kallsyms-first-die;kallsyms-first-fault-abc;kallsyms-object-diagnose	Restore certified full linked fixture;Restore pinned Linux source;Restore certified frozen linker source subset;Install prerequisites;Build exact Linux runtime MiniC profile;Refresh current MiniC runtime owners including kallsyms;Relink with generated kallsyms data;Capture primary fault after generated kallsyms;Preserve generated-kallsyms evidence;Restore certified full linked fixture;Restore pinned Linux source;Restore certified frozen linker source subset;Install prerequisites;Freeze cached kallsyms object;Build exact Linux runtime MiniC profile;Build GCC and current MiniC kallsyms variants;Refresh all non-kallsyms runtime owners with current MiniC;Relink and capture first fault for cached GCC and MiniC variants;Classify three-way first-fault result;Preserve three-way kallsyms first-fault evidence;Restore certified full linked fixture;Restore pinned Linux source;Install RISC-V toolchain;Record exact kallsyms config and cached object;Rebuild kallsyms.o with GCC reference;Build exact runtime MiniC profile;Rebuild kallsyms.o with current MiniC;Summarize object provenance and codegen delta;Preserve kallsyms diagnostic evidence		linux-runtime-generated-kallsyms-first-die-v0-${{ github.sha }};linux-runtime-kallsyms-first-fault-abc-v0-${{ github.sha }};linux-runtime-kallsyms-object-diagnose-v0-${{ github.sha }}		8	linux-expanded-mixed-v1-6.6.143-Linux-d30569a4c675f6ac72d9f63c28f0b8745317f7a15c0799d10768f916d74b3a88;linux-source-6.6.143-dace1f8dc9c0dbf5df14f47e3229cd62c298e83049681731ef229f2ba7592932-v1;linux-runtime-frozen-v1-6.6.143-e538a6ad42ec49c5a667cab5de9bb943f82ca702ff2b7749a020e38ff7ddaea7;linux-expanded-mixed-v1-6.6.143-Linux-d30569a4c675f6ac72d9f63c28f0b8745317f7a15c0799d10768f916d74b3a88;linux-source-6.6.143-dace1f8dc9c0dbf5df14f47e3229cd62c298e83049681731ef229f2ba7592932-v1;linux-runtime-frozen-v1-6.6.143-e538a6ad42ec49c5a667cab5de9bb943f82ca702ff2b7749a020e38ff7ddaea7	802	full-yaml-read	retain-contract-review	not-per-workflow-verified
agent/linux-perf-boolean-domain-v1	.github/workflows/linux-runtime-link-fixture-cert-v1.yml	dbdf655f18123a786b4f8fadeb7328b87dd2a954	linux-runtime	T4	push;workflow_dispatch		compact-cert	Restore full certified linked fixture for certification only;Restore certified frozen source/link inputs;Verify frozen fixture and oracle contracts;Install minimal terminal-link prerequisites without update;Construct compact fixture from exact thin-archive graph;Link compact fixture first;Link full reference fixture;Prove exact compact/full binary equivalence;Link legacy V1 reference after V2;Prove exact V2 legacy-V1 equivalence;Execute compact fixture and classify frontier;Save certified compact link fixture;Write certification summary;Preserve compact certification evidence		linux-runtime-link-fixture-cert-v1-${{ github.sha }}		3	linux-expanded-mixed-v1-6.6.143-Linux-d30569a4c675f6ac72d9f63c28f0b8745317f7a15c0799d10768f916d74b3a88;linux-runtime-frozen-v1-6.6.143-e538a6ad42ec49c5a667cab5de9bb943f82ca702ff2b7749a020e38ff7ddaea7;linux-runtime-link-v1-6.6.143-e538a6ad42ec49c5a667cab5de9bb943f82ca702ff2b7749a020e38ff7ddaea7	212	full-yaml-read	retain-contract-review	not-per-workflow-verified
agent/linux-perf-boolean-domain-v1	.github/workflows/linux-runtime-mm-core-frontier-v0.yml	4c3d6fade380edab6349abf97a88390f92f24bcc	linux-runtime	T4	push;workflow_dispatch		init-irq-bridge	Restore certified full linked fixture;Restore pinned Linux source;Restore certified frozen linker source subset;Install focused prerequisites;Build exact Linux runtime MiniC profile;Refresh certified and current frontier owners with current MiniC;Verify SATP critical CSR window;Relink early image;Execute QEMU current frontier;Preserve focused evidence		linux-runtime-init-irq-bridge-v0-${{ github.sha }}		3	linux-expanded-mixed-v1-6.6.143-Linux-d30569a4c675f6ac72d9f63c28f0b8745317f7a15c0799d10768f916d74b3a88;linux-source-6.6.143-dace1f8dc9c0dbf5df14f47e3229cd62c298e83049681731ef229f2ba7592932-v1;linux-runtime-frozen-v1-6.6.143-e538a6ad42ec49c5a667cab5de9bb943f82ca702ff2b7749a020e38ff7ddaea7	239	full-yaml-read	retain-contract-review	not-per-workflow-verified
agent/linux-perf-boolean-domain-v1	.github/workflows/linux-runtime-owner-focused-v1.yml	a0a39616cf5631bbcdf01500456df2aad9201554	linux-runtime	T4	push;workflow_dispatch		owner	Restore certified full linked fixture;Restore pinned Linux source;Restore certified frozen linker source subset;Install focused prerequisites;Resolve focused owner mode;Build exact Linux runtime MiniC profile;Refresh frontier owners through selected target;Relink early image;Execute QEMU current frontier;Preserve focused evidence		linux-runtime-owner-focused-v1-${{ matrix.mode }}-${{ github.sha }}		3	linux-expanded-mixed-v1-6.6.143-Linux-d30569a4c675f6ac72d9f63c28f0b8745317f7a15c0799d10768f916d74b3a88;linux-source-6.6.143-dace1f8dc9c0dbf5df14f47e3229cd62c298e83049681731ef229f2ba7592932-v1;linux-runtime-frozen-v1-6.6.143-e538a6ad42ec49c5a667cab5de9bb943f82ca702ff2b7749a020e38ff7ddaea7	258	full-yaml-read	retain-contract-review	not-per-workflow-verified
agent/linux-perf-boolean-domain-v1	.github/workflows/linux-runtime-qemu-watch-contracts-v1.yml	c7f1311975ffd5703d216d1973ff6aa206ca6370	linux-runtime	T4	push;workflow_dispatch		qemu-watch-cert;inconclusive-cert	Restore certified compact linked fixture;Restore certified frozen frontier inputs;Verify oracle and fixture contracts;Install minimal runtime prerequisites without update;Build certified early image;Run fixed 8 second reference oracle;Run event-driven frontier watcher;Prove reference/watch oracle equivalence and early stop;Preserve watcher certification evidence;Restore certified compact linked fixture;Restore certified frozen frontier inputs;Install minimal runtime prerequisites without update;Build certified early image and mismatched same-stage baseline;Prove unknown same-stage fault does not stop the watcher early;Preserve evidence		linux-runtime-qemu-watch-cert-v1-${{ github.sha }};linux-runtime-qemu-watch-inconclusive-v1-${{ github.sha }}		4	linux-runtime-link-v1-6.6.143-e538a6ad42ec49c5a667cab5de9bb943f82ca702ff2b7749a020e38ff7ddaea7;linux-runtime-frozen-v1-6.6.143-e538a6ad42ec49c5a667cab5de9bb943f82ca702ff2b7749a020e38ff7ddaea7;linux-runtime-link-v1-6.6.143-e538a6ad42ec49c5a667cab5de9bb943f82ca702ff2b7749a020e38ff7ddaea7;linux-runtime-frozen-v1-6.6.143-e538a6ad42ec49c5a667cab5de9bb943f82ca702ff2b7749a020e38ff7ddaea7	312	full-yaml-read	retain-contract-review	not-per-workflow-verified
agent/linux-perf-boolean-domain-v1	.github/workflows/linux-runtime-rcu-owner-v0.yml	a3041a6f9f03351c9785e08d6c379b024d714bc9	linux-runtime	T4	push;workflow_dispatch		rcu-softirq-owner-frontier	Restore certified fixtures;Restore pinned Linux source;Restore frozen linker source subset;Install focused prerequisites;Build exact Linux runtime MiniC profile;Capture cached kallsyms owner;Refresh certified runtime owners through kallsyms;Relink early image;Execute QEMU current init-IRQ frontier;Execute and diagnose QEMU fork-init frontier;Preserve focused evidence		linux-runtime-rcu-softirq-rest-init-v4-${{ github.sha }}		3	linux-expanded-mixed-v1-6.6.143-Linux-d30569a4c675f6ac72d9f63c28f0b8745317f7a15c0799d10768f916d74b3a88;linux-source-6.6.143-dace1f8dc9c0dbf5df14f47e3229cd62c298e83049681731ef229f2ba7592932-v1;linux-runtime-frozen-v1-6.6.143-e538a6ad42ec49c5a667cab5de9bb943f82ca702ff2b7749a020e38ff7ddaea7	255	full-yaml-read	retain-contract-review	not-per-workflow-verified
agent/linux-perf-boolean-domain-v1	.github/workflows/linux-runtime-riscv-init-codegen-v0.yml	6021f20acfc51df96d8e455af2e500e1f663f7e3	linux-runtime	T4	push;workflow_dispatch		riscv-init-codegen	Restore certified full linked fixture;Restore pinned Linux source;Install RISC-V toolchain;Build exact Linux runtime MiniC profile;Build MiniC and GCC init objects with identical Kbuild context;Preserve init codegen evidence		linux-runtime-riscv-init-codegen-v0-${{ github.sha }}		2	linux-expanded-mixed-v1-6.6.143-Linux-d30569a4c675f6ac72d9f63c28f0b8745317f7a15c0799d10768f916d74b3a88;linux-source-6.6.143-dace1f8dc9c0dbf5df14f47e3229cd62c298e83049681731ef229f2ba7592932-v1	134	full-yaml-read	retain-contract-review	not-per-workflow-verified
agent/linux-perf-boolean-domain-v1	.github/workflows/linux-runtime-satp-refresh-v0.yml	defbf066e5bb04d2ddd56f3695085bc00b2d3f08	linux-runtime	T4	push;workflow_dispatch		satp-refresh	Restore certified full linked fixture;Restore pinned Linux source;Restore certified frozen linker source subset;Install focused prerequisites without update;Build exact Linux runtime MiniC profile;Rebuild real PI string owner with current MiniC;Checkpoint PI-only runtime differential;Rebuild real SATP owner with current MiniC;Rebuild setup_arch owner with current MiniC;Inspect set_satp_mode CSR window;Build early image after PI SATP and setup owner refresh;Execute QEMU frontier and capture fault context;Preserve focused evidence		linux-runtime-satp-refresh-v0-${{ github.sha }}		3	linux-expanded-mixed-v1-6.6.143-Linux-d30569a4c675f6ac72d9f63c28f0b8745317f7a15c0799d10768f916d74b3a88;linux-source-6.6.143-dace1f8dc9c0dbf5df14f47e3229cd62c298e83049681731ef229f2ba7592932-v1;linux-runtime-frozen-v1-6.6.143-e538a6ad42ec49c5a667cab5de9bb943f82ca702ff2b7749a020e38ff7ddaea7	389	full-yaml-read	retain-contract-review	not-per-workflow-verified
agent/linux-perf-boolean-domain-v1	.github/workflows/linux-runtime-spinlock-context-v0.yml	5dde74694e43401ab95f93bf3fcc5d8120b322f5	linux-runtime	T4	push;workflow_dispatch		spinlock-context;spinlock-codegen;spinlock-first-context;spinlock-stack	Restore certified full linked fixture;Restore pinned Linux source;Restore certified frozen linker source subset;Install prerequisites;Build exact Linux runtime MiniC profile;Instrument recursion context without printk;Refresh runtime owners with current MiniC;Relink early image;Capture first recursion lock and caller with GDB;Resolve captured context against linked symbols;Preserve spinlock context evidence;Restore certified full linked fixture;Restore pinned Linux source;Install RISC-V build tools;Build exact Linux runtime MiniC profile;Compile spinlock_debug with current MiniC;Compile spinlock_debug with GCC reference;Compare focused disassembly;Preserve spinlock codegen evidence;Restore certified full linked fixture;Restore pinned Linux source;Restore certified frozen linker source subset;Install prerequisites;Build exact Linux runtime MiniC profile;Instrument first spinlock validation without printk;Refresh runtime owners with current MiniC;Relink early image;Execute QEMU recursion probe;Extract first diagnostic context;Preserve first-context evidence;Restore full fixture;Restore Linux source;Install focused prerequisites;Build current MiniC and refresh spinlock_debug;Preserve legacy debug_spin_lock_before frame evidence;Unwind reverse call chain and frame sizes;Preserve small evidence		linux-runtime-spinlock-context-v0-${{ github.sha }};linux-runtime-spinlock-codegen-v0-${{ github.sha }};linux-runtime-spinlock-first-context-v0-${{ github.sha }};linux-runtime-spinlock-stack-v0-${{ github.sha }}		10	linux-expanded-mixed-v1-6.6.143-Linux-d30569a4c675f6ac72d9f63c28f0b8745317f7a15c0799d10768f916d74b3a88;linux-source-6.6.143-dace1f8dc9c0dbf5df14f47e3229cd62c298e83049681731ef229f2ba7592932-v1;linux-runtime-frozen-v1-6.6.143-e538a6ad42ec49c5a667cab5de9bb943f82ca702ff2b7749a020e38ff7ddaea7;linux-expanded-mixed-v1-6.6.143-Linux-d30569a4c675f6ac72d9f63c28f0b8745317f7a15c0799d10768f916d74b3a88;linux-source-6.6.143-dace1f8dc9c0dbf5df14f47e3229cd62c298e83049681731ef229f2ba7592932-v1;linux-expanded-mixed-v1-6.6.143-Linux-d30569a4c675f6ac72d9f63c28f0b8745317f7a15c0799d10768f916d74b3a88	954	full-yaml-read	retain-contract-review	not-per-workflow-verified
agent/linux-perf-boolean-domain-v1	.github/workflows/linux-runtime-timer-focused-v0.yml	b24b8225264a1b25808ba5eca2ee0790002c2834	linux-runtime	T4	push;workflow_dispatch		timer-frontier	Restore certified full linked fixture;Restore pinned Linux source;Restore certified frozen linker source subset;Install prerequisites;Build exact Linux runtime MiniC profile;Refresh frontier owners plus timer/hrtimer/tick-sched/RCU/init-main/softirq with current MiniC;Relink early image;Execute QEMU current frontier;Diagnose linked first-fault symbol;Preserve focused evidence		linux-runtime-timer-focused-v0-${{ github.sha }}		3	linux-expanded-mixed-v1-6.6.143-Linux-d30569a4c675f6ac72d9f63c28f0b8745317f7a15c0799d10768f916d74b3a88;linux-source-6.6.143-dace1f8dc9c0dbf5df14f47e3229cd62c298e83049681731ef229f2ba7592932-v1;linux-runtime-frozen-v1-6.6.143-e538a6ad42ec49c5a667cab5de9bb943f82ca702ff2b7749a020e38ff7ddaea7	289	full-yaml-read	retain-contract-review	not-per-workflow-verified
agent/linux-perf-boolean-domain-v1	.github/workflows/linux-vdso-focused.yml	2b3844cd7d19d9b80381068ce7947ece25a239d4	linux-runtime	T4	push;workflow_dispatch		vdso	Install focused prerequisites;Prepare Linux and GCC vDSO reference;Build exact MiniC;Rebuild only native vDSO C through MiniC;Preserve vDSO evidence		linux-vdso-focused		0		159	full-yaml-read	retain-contract-review	not-per-workflow-verified
agent/linux-perf-boolean-domain-v1	.github/workflows/miniar-linux-kbuild.yml	9fdb2ff5e44e2a46b137ea7e0d5e11afc4b51310	miniar	T1/T3	push;workflow_dispatch		linux-kbuild	Install Linux build prerequisites;Build exact MiniAR;Prepare Linux 6.6.143;Build deterministic runtime initramfs;Install MiniAR at the Kbuild AR boundary;Build Linux Image with MiniAR only;Boot MiniAR-built Linux;Preserve Linux integration evidence		miniar-linux-kbuild-evidence		0		146	full-yaml-read	retain-contract-review	not-per-workflow-verified
agent/linux-perf-boolean-domain-v1	.github/workflows/miniar-regressions-v1.yml	979969bb5231cabf878050936bdee51c9e8c6398	miniar	T1/T3	push;workflow_dispatch		regressions	Install archive and RV64 oracle prerequisites;Build current Mini toolchain once;Validate MiniAR archive contracts;Validate shared ELF reader contract;Validate MiniNM archive consumers;Publish canonical verdict				0		61	full-yaml-read	retain-contract-review	not-per-workflow-verified
agent/linux-perf-boolean-domain-v1	.github/workflows/minias-a0-focused-diagnostics-v1.yml	93330555c3913fb78ac1c67d180f2a70dabe951f	minias	T1/T2/T3	workflow_dispatch		real16;frontier;vector33;resolve;window-shard;window	Download frozen first500 corpus;Verify frozen corpus;Build compiler and MiniAS;Run MiniAS A0 micro gate;Generate 16 real Linux assembly files;Assemble real Linux sample and classify first blockers;Download frozen first500 corpus;Verify frozen corpus and map frontier;Restore frozen MiniAS Linux sidecars;Verify and install frozen incbin sidecar;Build compiler and MiniAS;Run MiniAS micro gate;Generate current frontier assembly;Assemble current frontier and classify;Download frozen first500 corpus;Verify frozen corpus;Build compiler and MiniAS;Run MiniAS micro gate;Generate vector33 assembly;Assemble vector33 and print frontier;Resolve frozen window;Download frozen window corpus;Verify frozen window corpus;Restore frozen MiniAS Linux sidecars;Verify and install frozen incbin sidecar;Build compiler and MiniAS;Run MiniAS micro gate;Generate window shard assembly;Assemble window shard and classify;Aggregate frozen window headline	frozen-linux-corpus-first500;frozen-linux-corpus-first500;minias-linux-sidecars-v1;frozen-linux-corpus-first500;${{ needs.resolve.outputs.artifact }};minias-linux-sidecars-v1	minias-a0-real16;minias-a0-current-frontier;minias-a0-vector33;minias-a0-${{ needs.resolve.outputs.label }}-shard-${{ matrix.shard }};minias-a0-${{ needs.resolve.outputs.label }}-progress		0		751	full-yaml-read	retain-contract-review	not-per-workflow-verified
agent/linux-perf-boolean-domain-v1	.github/workflows/minias-a0-gate-v1.yml	be679f45cd1bf81bfefca7fee0cc12aeb95aa802	minias	T1/T2/T3	push;workflow_dispatch		shard;all3352;c149;native35;gate3536	Download frozen Linux corpus;Verify frozen Linux corpus;Restore frozen MiniAS Linux sidecars;Verify and install frozen incbin sidecar;Build exact compiler and MiniAS;Run MiniAS micro gate;Generate exact assembly window;Assemble exact window and classify;Require matrix completion;Aggregate exact all3352;Download frozen ground-truth C149 corpus;Verify and extract frozen C149 corpus;Build MiniC and MiniAS;Run MiniAS micro gate;Replay C149 through MiniC;Assemble MiniC outputs and build failure pool;Install exact Linux RISC-V build dependencies;Rebuild native35 from exact targeted Kbuild object commands;Build exact MiniAS;Assemble regenerated native35 and require 35 of 35;Require complete 3536 hard gate	${{ matrix.artifact }};minias-linux-sidecars-v1;minias-ground-truth-c149-corpus	minias-all3352-${{ matrix.label }};minias-a0-c149-progress;minias-a0-gate-v1-native35		0		743	full-yaml-read	retain-contract-review	not-per-workflow-verified
agent/linux-perf-boolean-domain-v1	.github/workflows/minias-semantic-oracle3536.yml	96bb3bf93fac928613f944b0042ddbac1c4c0280	minias	T1/T2/T3	push;workflow_dispatch		c-shards;c149;native35;aggregate	Install oracle dependencies;Download frozen Linux corpus;Verify frozen Linux corpus;Restore frozen incbin sidecar;Verify and install sidecar;Build exact MiniC and MiniAS;Generate exact MiniC assembly;Compare GNU as and MiniAS semantically;Install oracle dependencies;Download frozen C149 corpus;Verify and extract C149;Restore frozen incbin sidecar;Install sidecar;Build exact MiniC and MiniAS;Replay C149 through MiniC;Compare C149 objects semantically;Install semantic-oracle and exact Linux RISC-V build dependencies;Rebuild native35 from exact targeted Kbuild object commands;Build exact MiniAS;Compare regenerated native35 objects semantically;Require classification jobs;Aggregate 3536 semantic baseline	${{ matrix.artifact }};minias-linux-sidecars-v1;minias-ground-truth-c149-corpus;minias-linux-sidecars-v1	minias-semantic-${{ matrix.label }};minias-semantic-c149;minias-semantic-native35		0		518	full-yaml-read	retain-contract-review	not-per-workflow-verified
agent/linux-perf-boolean-domain-v1	.github/workflows/minic-driver-v0.yml	ccbcc1abbc1127868eccdedf6aa85fb10aba8fb4	minic-driver-core	T1/T3	push;workflow_dispatch		driver-v0	Install RV64 musl prerequisites;Build current toolchain and driver;Build pristine musl and MiniLD loader;Compile and link first dynamic C program through minic driver;Preserve driver evidence		minic-driver-v0		0		221	full-yaml-read	retain-contract-review	not-per-workflow-verified
agent/linux-perf-boolean-domain-v1	.github/workflows/minic-rv64-focused-regressions-v1.yml	9fa0cf8e6f39b511afb157012ef82ee873a5bc3f	minic-driver-core	T1/T3	push;workflow_dispatch		regressions	Install RV64 link and runtime prerequisites;Build current Mini toolchain once;Run focused current-product regressions;Preserve focused regression evidence		minic-rv64-focused-regressions-v1		0		81	full-yaml-read	retain-contract-review	not-per-workflow-verified
agent/linux-perf-boolean-domain-v1	.github/workflows/minild-dynamic-integration-v1.yml	9f28d3712c9a5aaea26b220d3de006d98e9d064c	minild	T1/T3/T4	push;workflow_dispatch		dynamic-integration	Install RV64 musl prerequisites;Build current MiniLD once;Build pristine musl and MiniLD loader once;Build shared PIE input and runtime root;Validate explicit DT_NEEDED MiniLD PIE;Validate DSO input and automatic DT_NEEDED MiniLD PIE;Publish combined dynamic verdict;Preserve dynamic integration evidence		minild-dynamic-integration-v1		0		280	full-yaml-read	retain-contract-review	not-per-workflow-verified
agent/linux-perf-boolean-domain-v1	.github/workflows/minild-linux-rel-boundaries-v1.yml	826677e079536e2901b697cb81cc8caeb9e5f261	minild	T1/T3/T4	push;workflow_dispatch		linux-rel-boundaries	Install Linux build prerequisites;Build current MiniLD once;Prepare Linux 6.6.143 once;Install two-boundary MiniLD wrapper;Build one Linux Image through both MiniLD boundaries;Preserve Linux boundary evidence		minild-linux-rel-boundaries-v1		0		126	full-yaml-read	retain-contract-review	not-per-workflow-verified
agent/linux-perf-boolean-domain-v1	.github/workflows/minild-regressions-v1.yml	63bd80cc92382437d7588abca29e01a94285cc50	minild	T1/T3/T4	push;workflow_dispatch		regressions	Install RV64 linker and dynamic runtime oracles;Build current Mini toolchain once;Validate shared ELF writer reader and linker-script contracts;Validate MiniLD static A0-A3 contracts;Validate MiniLD dynamic A4-A6 contracts;Validate MiniLD section GC contract;Publish canonical verdict				0		81	full-yaml-read	retain-contract-review	not-per-workflow-verified
agent/linux-perf-boolean-domain-v1	.github/workflows/minild-static-runtime-v1.yml	1b48c8a042d3ea2155fec45b40be6f48c375a40a	minild	T1/T3/T4	push;workflow_dispatch		musl-lua-static	Install RV64 build/runtime prerequisites;Build current MiniLD once;Build pristine musl 1.2.5 static producer once;Validate explicit musl malloc/free contract with GNU and MiniLD;Build pristine Lua 5.5.0 into RV64 objects;Validate Lua GNU reference and MiniLD product;Publish canonical verdict;Preserve static runtime evidence		minild-static-runtime-v1-evidence		0		254	full-yaml-read	retain-contract-review	not-per-workflow-verified
agent/linux-perf-boolean-domain-v1	.github/workflows/miniobjcopy-strip-regressions-v1.yml	5776fe8d2bd51fb485596274f44e8c9af5da7a5c	miniobjcopy-strip	T1/T3	push;workflow_dispatch		regressions;linux-tool;linux-image	Install RV32 RV64 oracle tools;Strict build once;Preserve shared ELF reader consumers;Validate MiniObjcopy A0 and A1;Validate MiniStrip A0;Publish canonical verdict;Install Linux build prerequisites;Build toolchain and focused gates;Prepare Linux 6.6.143;Install MiniLD and MiniObjcopy wrappers;Build Linux Image with MiniObjcopy everywhere;Preserve Linux MiniObjcopy frontier;Install GNU RISC-V objcopy oracle;Build MiniObjcopy;Download frozen real Linux final-link frontier;Reproduce Linux 6.6.143 Image byte-for-byte	static-linux-final-frontier	miniobjcopy-linux-tool-frontier	33623125809	0		303	full-yaml-read	partially-blocked-historical-image-fixture	not-per-workflow-verified
agent/linux-perf-boolean-domain-v1	.github/workflows/minipp-a0.yml	f0015b6c395227db5715785f468e3e93b71233c1	minipp	T1/T2/T3	push;workflow_dispatch		exact-a0	Build independent MiniPP;Compare exact preprocessed output with GCC				0		32	full-yaml-read	retain-contract-review	not-per-workflow-verified
agent/linux-perf-boolean-domain-v1	.github/workflows/minipp-linux-exact-smoke.yml	02c08d5b76501be16277ef233751f7ed191c15cd	minipp	T1/T2/T3	push;workflow_dispatch		linux-exact-smoke;linux-exact-batch;linux-exact-72	Install Linux preprocessing prerequisites;Build independent MiniPP;Prepare Linux 6.6.143;Freeze RISC-V GCC predefines and feature tests;Probe real Kbuild preprocessing inputs;Preserve exact-smoke evidence;Install Linux preprocessing prerequisites;Build independent MiniPP;Prepare Linux 6.6.143;Freeze RISC-V GCC predefines and feature tests;Run product18 and derive sample16;Preserve batch evidence;Install Linux preprocessing prerequisites;Build independent MiniPP;Prepare Linux 6.6.143;Freeze RISC-V GCC predefines and feature tests;Run product72 and derive sample16;Preserve 72-TU evidence		minipp-linux-exact-smoke;minipp-linux-exact-batch18;minipp-linux-exact-72		0		325	full-yaml-read	retain-contract-review	not-per-workflow-verified
agent/linux-perf-boolean-domain-v1	.github/workflows/minipp-linux-exact-v1.yml	ee164e55bbeae0e1377f307ae70314dd4030143f	minipp	T1/T2/T3	push;workflow_dispatch		exact-shard	Install exact replay and frozen-oracle prerequisites;Build independent MiniPP once;Prepare Linux and reproduce frozen shard contract;Restore frozen GCC shard corpus;Build GCC shard reference corpus on cache miss;Verify frozen GCC shard corpus identity;Save frozen GCC shard corpus on cache miss;Replay frozen coverage sample;Replay full frozen product shard;Preserve exact shard evidence		minipp-linux-exact-v1-${{ matrix.id }}		2	${{ steps.identity.outputs.cache_key }};${{ steps.identity.outputs.cache_key }}	285	full-yaml-read	retain-contract-review	not-per-workflow-verified
agent/linux-perf-boolean-domain-v1	.github/workflows/minipp-linux-focus-v1.yml	796e5b21a380aa9a2d9426ca0ecf1d12b49cf5fe	minipp	T1/T2/T3	push;workflow_dispatch		cached-focus	Install focused replay and reference prerequisites;Build independent MiniPP;Prepare Linux and reproduce frozen contract;Restore frozen GCC corpus;Build GCC reference corpus on cache miss;Verify frozen GCC corpus identity;Save frozen GCC corpus on cache miss;Replay focused cached pool;Preserve focused evidence		${{ matrix.artifact }}		2	${{ matrix.cache_key }};${{ matrix.cache_key }}	230	full-yaml-read	retain-contract-review	not-per-workflow-verified
agent/linux-perf-boolean-domain-v1	.github/workflows/toolchain-m0-structure.yml	5f51c5836744544f683d48cde9cf71286bb99389	ci-structure	T0	push;workflow_dispatch		compiler-boundary	Run Linux runtime isolation selftests;Validate active Linux Kbuild wrapper contract;Validate BusyBox Kbuild ownership routing contract;Build frozen compiler boundary;Verify minic-cc and independent driver entrypoint;Run focused ownership gates;Verify compiler CLI output identity				0		75	full-yaml-read	retain-contract-review	not-per-workflow-verified
