agent/ci-runtime-cleanup-v1	1e0d5cb4e9c9671eb1e3034d17be183169752874
agent/filter-layout-bench-v0	2d18bc4aa0993c464c3ad9ef8fb2b1408e6206d1
agent/filter-layout-model-v0	0dbe4ab097e3e4c3a78755edfc5379e4ec813bbc
agent/filter-perf-b2d4	43051828a70762e054500a62f81f3afb09a6d6b9
agent/independent-symbolic-call-worklist-audit-v1	7f8949f719beaa33f1a4e369a25e7a9da3bb114e
agent/linux-full3352-compile-fixes-v1	56b372485509f290c38e414b92a660067aac59ac
agent/linux-gcc-clang-serial-benchmark-v1	e78d9bc7cee6f488941e9a2fff8e8970a962f6d3
agent/linux-perf-all3352-benchmark-v1	3b25860a4ff744e06beaefc7bbde94e5ede1a4f6
agent/linux-perf-audit-v1	6f51caa7abd1c96e3b812cdfb76b9ccd303924a7
agent/linux-perf-combined-v1	d77421d07db030ea66b0349fbdc3577106d5aeef
agent/linux-perf-core-workspace-v1	129122109e9c14be792315575db0c6fdea49baa9
agent/linux-perf-independent-verify-audit-v1	b2b5a5baf162ebf6e34bab9f812ed8c905a1720c
agent/linux-perf-verify-v1	1f760dde7566067fa8afaa9cba4733dc9bb59396
agent/linux-performance-profiler-v0	766d2be9ddefc924a1540f63eb6f45a34712135a
agent/linux-phase-profile-v1	2b1462d7c9010474c22987dafbcc851a432965e8
agent/linux-phase-profile-v2	ad724cf73c5443b7fe76851c7229040f94a2b270
agent/linux-symbolic-candidate-v1	a52f1b7e80ffcdfdccda82ecff87b3dd49b5df1e
agent/linux-symbolic-index-v1	b60478a97c8c6fd13f006de485ab48cc7305466f
agent/net-core-filter-ab-v0	2497063332c64858673146a38493545d5ef1e917
agent/net-core-filter-finalize-opt-v0	28ed32d8d173e63033505030ade5d26b8ab982f1
agent/net-core-filter-finalize-skip-v0	58cba746c8c6fbe11c6fa1e812e4a3ce5240230c
agent/net-core-filter-frame-ab-v0	13544e0c13aae2134c1e5b4c97f1db96b4ba7810
agent/net-core-filter-isolation-v0	4e9c7eab0194012ff156b178c72a5d1e2ac118e2
agent/net-core-filter-phase-v0	afc26a912fad98edf90b3ff97489dcb309b291ae
agent/perf-symbolic-worklist-p15-ab-v1	fee14f256987af3bf271b5a7173d75109940979b
