0	kernel/sched/fair.o
0	net/core/filter.o
0	mm/vmscan.o
0	mm/percpu.o
0	mm/rmap.o
0	fs/hugetlbfs/inode.o
0	block/blk-merge.o
0	drivers/nvdimm/claim.o
0	net/core/bpf_sk_storage.o
0	net/ipv4/arp.o
0	net/ipv6/ip6_output.o
0	net/ipv6/addrconf.o
0	kernel/fork.o
0	kernel/time/timer.o
0	kernel/locking/mutex.o
0	mm/mmap.o
0	mm/mlock.o
0	fs/super.o
0	fs/select.o
0	block/blk-settings.o
1	kernel/bpf/verifier.o
1	net/ipv4/tcp_input.o
1	arch/riscv/mm/init.o
1	kernel/jump_label.o
1	mm/slab_common.o
1	mm/vmalloc.o
1	crypto/skcipher.o
1	block/blk-mq.o
1	drivers/nvdimm/pmem.o
1	net/sched/cls_api.o
1	net/ipv4/xfrm4_input.o
1	net/ipv6/ndisc.o
1	net/ipv6/ipv6_sockglue.o
1	kernel/exec_domain.o
1	kernel/time/hrtimer.o
1	kernel/locking/rwsem.o
1	mm/util.o
1	mm/oom_kill.o
1	fs/inode.o
1	fs/ioctl.o
2	mm/memory.o
2	net/ipv6/route.o
2	arch/riscv/mm/fault.o
2	mm/swap.o
2	mm/gup.o
2	mm/madvise.o
2	crypto/rsa-pkcs1pad.o
2	drivers/acpi/scan.o
2	drivers/spi/spi.o
2	net/ipv4/ip_forward.o
2	net/ipv4/xfrm4_output.o
2	net/ipv6/raw.o
2	net/ipv6/icmp.o
2	kernel/panic.o
2	kernel/time/tick-common.o
2	kernel/locking/semaphore.o
2	mm/readahead.o
2	mm/compaction.o
2	fs/file.o
2	lib/string.o
3	mm/page_alloc.o
3	lib/maple_tree.o
3	kernel/ptrace.o
3	mm/truncate.o
3	mm/mprotect.o
3	mm/memfd.o
3	block/bio.o
3	drivers/nvdimm/bus.o
3	drivers/net/phy/phy_device.o
3	net/ipv4/ip_sockglue.o
3	net/ipv4/af_inet.o
3	net/ipv6/mcast.o
3	net/ipv6/tcp_ipv6.o
3	kernel/printk/printk.o
3	kernel/time/tick-broadcast.o
3	kernel/signal.o
3	mm/workingset.o
3	fs/open.o
3	fs/dcache.o
3	lib/vsprintf.o
4	mm/memcontrol.o
4	kernel/rcu/tree.o
4	kernel/dma/direct.o
4	mm/shmem.o
4	mm/mremap.o
4	fs/remap_range.o
4	block/blk-core.o
4	drivers/nvdimm/region_devs.o
4	net/core/sock.o
4	net/ipv4/tcp.o
4	net/xfrm/xfrm_output.o
4	net/ipv6/xfrm6_input.o
4	net/ipv6/datagram.o
4	kernel/softirq.o
4	kernel/time/tick-sched.o
4	kernel/cpu.o
4	mm/swap_state.o
4	fs/read_write.o
4	fs/stat.o
4	lib/bitmap.o
5	fs/ext4/inode.o
5	kernel/events/core.o
5	kernel/dma/pool.o
5	mm/vmstat.o
5	mm/page_vma_mapped.o
5	fs/proc/task_mmu.o
5	block/blk-map.o
5	drivers/nvdimm/namespace_devs.o
5	net/core/skbuff.o
5	net/ipv4/raw.o
5	net/xfrm/xfrm_state.o
5	net/ipv6/xfrm6_output.o
5	kernel/exit.o
5	kernel/time/time.o
5	kernel/rcu/update.o
5	mm/filemap.o
5	mm/page_io.o
5	fs/namei.o
5	fs/exec.o
5	lib/cpumask.o
